,날짜,코디,조회수,3,4,5,6,7,8,9,10,11,12,13,14,15,16,17,18,19,20,21,22,23,24,25,26
0,20210730,캐주얼,35753,로고플레이,편안한,원마일웨어,와이드핏,여름,캐주얼,리,세미콜론 아이웨어,제로,반스,베지터블테이블,셔츠블라우스,반소매 티셔츠,안경,트레이닝조거 팬츠,캔버스단화,캡야구 모자,,,,,,,
1,20210203,스트릿,33411,봄,스트릿,제로,월간,라퍼지스토어,키치오브제,블론드나인,47브랜드,트레이닝조거 팬츠,액자포스터,목걸이펜던트,레더라이더스 재킷,캔버스단화,니트스웨터,캡야구 모자,,,,,,,,,
2,20210223,캐주얼,31119,봄,캐주얼,라퍼지스토어,다이아몬드 레이라,나이키,엠프렌즈,모티패스트,이에스엔,안경 소품,디퓨저캔들,반소매 티셔츠,셔츠블라우스,패션스니커즈화,케이스슬리브,캡야구 모자,레더라이더스 재킷,맨투맨스웨트셔츠,,,,,,,
4,20210430,댄디,27238,봄,댄디,후러브스아트,발렌티노 루디,오니츠카타이거,예일,오버다인,슈트 팬츠슬랙스,안경 소품,쿼츠 아날로그,반려동물용품,미디스커트,반소매 티셔츠,메신저크로스 백,,,,,,,,,,
5,20210223,캐주얼,22326,봄,캐주얼,카시오,코닥,제로,와릿이즌,뉴발란스,커버낫,디지털,미니스커트,캡야구 모자,트레이닝조거 팬츠,,,,,,,,,,,,
7,20210329,캐주얼,19810,봄,캐주얼,본챔스,제로,와릿이즌,나이키,레인스,캡야구 모자,트레이닝조거 팬츠,안경 소품,반소매 티셔츠,긴소매 티셔츠,후드 집업,패션스니커즈화,메신저크로스 백,,,,,,,,,
9,20210915,캐주얼,19112,원마일웨어,로고플레이,가을,캐주얼,로커드,자브라,엘에이알,타입서비스,토피,트레이닝조거 팬츠,안경 소품,이어폰,패션스니커즈화,맨투맨스웨트셔츠,후드 집업,,,,,,,,,
10,20210831,캐주얼,18676,꾸안꾸,남친룩,핀턱,캠퍼스,와이드핏,여름,캐주얼,브래디백,와일드 브릭스,라퍼지스토어,닥터마틴,메신저크로스 백,잡지무크지,팔찌,맨투맨스웨트셔츠,구두,,,,,,,,
11,20210302,캐주얼,18609,봄,캐주얼,제멋,화이트블럭,엠엠엘지,어널러코드,뉴발란스,예일,블루종MA1,케이스슬리브,반소매 티셔츠,트레이닝조거 팬츠,캡야구 모자,,,,,,,,,,,
12,20210504,캐주얼,18416,봄,캐주얼,파르티멘토,반스,벗딥,커버낫,목걸이펜던트,캔버스단화,메신저크로스 백,코튼 팬츠,반소매 티셔츠,,,,,,,,,,,,,
13,20211004,캐주얼,18287,오버핏,플리스,리버서블,편안한,원마일웨어,가을,캐주얼,프로스펙스,브렌슨,고다신,커버낫,주네시 스포츠 클럽,제멋,캔버스단화,트레이닝조거 팬츠,안경 소품,액자포스터,이어폰,플리스뽀글이,캡야구 모자,맨투맨스웨트셔츠,,,
14,20210915,댄디,17893,데이트,그래픽,레이어드룩,가을,댄디,엘무드,뮤지엄바이비컨,테이크이지,로스트가든,아르반,플랙,누깍,반소매 티셔츠,니트스웨터,안경,셔츠블라우스,부츠,블루종MA1,데님 팬츠,숄더백,,,,
15,20210324,댄디,17874,봄,댄디,모디파이드,반,락포트,수아레,슈트블레이저 재킷,기타 시계,메신저크로스 백,데님 팬츠,구두,셔츠블라우스,,,,,,,,,,,,
16,20210625,캐주얼,17476,원마일웨어,로고플레이,편안한,캠퍼스,모노톤,여름,캐주얼,제로,아디다스,엄브로,리,트레이닝조거 팬츠,액자포스터,슬리퍼,백팩,기타 컬처,캡야구 모자,반소매 티셔츠,,,,,,
17,20210927,캐주얼,16724,편안한,에코,캠퍼스,가을,캐주얼,어널러코드,지프,커버낫,리복,투엔티벅스,라퍼지스토어,트레이닝조거 팬츠,맨투맨스웨트셔츠,캡야구 모자,패션스니커즈화,에코백,사파리헌팅 재킷,,,,,,,
18,20211008,캐주얼,16241,와이드핏,체크,그래픽,지브라,편안한,원마일웨어,가을,캐주얼,제로,반스,미니멀프로젝트,엘엠씨,원헌드레드퍼센트,트레이닝조거 팬츠,캔버스단화,비니,맨투맨스웨트셔츠,,,,,,,
19,20211026,댄디,15883,레더,모노톤,데이트,슬림핏,가을,댄디,플랙,에이징씨씨씨,카시오,닉앤니콜 포 맨,로맨틱무브,드로우핏,데님 팬츠,안경 소품,액자포스터,레더라이더스 재킷,쿼츠 아날로그,토트백,부츠,니트스웨터,,,,
21,20210907,댄디,15660,아가일,모노톤,데이트,남친룩,가을,댄디,엘에이알,니티드,후러브스아트,까르벵 워치,쌤소나이트 레드,카디건,슈트 팬츠슬랙스,쿼츠 아날로그,토트백,,,,,,,,,
27,20211116,포멀,14607,핀턱,뉴트럴톤,레더,격식,출근룩,단정한,가을,포멀,라퍼지스토어,테이크이지,로스트가든,탄틴,아르반,로만손,겨울 싱글 코트,니트스웨터,구두,브리프케이스,셔츠블라우스,슈트 팬츠슬랙스,쿼츠 아날로그,,,
28,20210721,캐주얼,14182,편안한,캠퍼스,원마일웨어,로고플레이,여름,캐주얼,엠엠엘지,제로,캉골,칼하트,나이키,캡야구 모자,트레이닝조거 팬츠,백팩,반소매 티셔츠,패션스니커즈화,,,,,,,,
29,20210325,캐주얼,13993,캐주얼,네이키드니스,페플,반스,낫포너드,커버낫,메신저크로스 백,기타 컬처,트러커 재킷,비니,캔버스단화,트레이닝조거 팬츠,안경 소품,맨투맨스웨트셔츠,,,,,,,,,,
30,20211022,캐주얼,13982,키높이,워싱,레더,모노톤,SELFLOVE,셀럽템,가을,캐주얼,파르티멘토,컨버스,레더라이더스 재킷,숏패딩숏헤비 아우터,셔츠블라우스,캔버스단화,데님 팬츠,,,,,,,,,
32,20210921,캐주얼,13872,레이어드룩,캠퍼스,남친룩,꾸안꾸,로고플레이,와이드핏,가을,캐주얼,척,토피,컨버스,카시오,엠엠엘지,키뮤어,베스트,후드 집업,데님 팬츠,캔버스단화,디지털,백팩,,,,
34,20211123,캐주얼,13799,캠퍼스,레더,와이드핏,꾸안꾸,오버핏,콜라보,가을,캐주얼,컨버스,매스노운,마하그리드,라퍼지스토어,플랙,토마스모어,메신저크로스 백,캡야구 모자,맨투맨스웨트셔츠,데님 팬츠,숏패딩숏헤비 아우터,,,,,
35,20210702,캐주얼,13695,톤온톤,뉴트럴톤,캠퍼스,피크닉,와이드핏,오버핏,꾸안꾸,여름,캐주얼,벗딥,엠엠엘지,캐치볼,예일,반원 아틀리에,토트백,잡지무크지,캡야구 모자,캔버스단화,반소매 티셔츠,,,,,
36,20211110,캐주얼,13642,원마일웨어,로고플레이,한파,가을,캐주얼,골라 클래식,예일,로마네,브라운브레스,노스페이스,오닐,후드 티셔츠,케이스슬리브,트레이닝조거 팬츠,숏패딩숏헤비 아우터,메신저크로스 백,,,,,,,,
40,20210308,포멀,13187,봄,포멀,모디파이드,엘무드,조셉트,로우로우,에스피오나지,슈트블레이저 재킷,기타 시계,반소매 티셔츠,니트스웨터,구두,안경,셔츠블라우스,,,,,,,,,,
42,20211019,캐주얼,12900,꾸안꾸,남친룩,가을,캐주얼,리끌로우,반스,엄브로,세터,예일,안경,캔버스단화,메신저크로스 백,니트스웨터,숏패딩숏헤비 아우터,,,,,,,,,,
45,20210716,댄디,12636,미니멀,남친룩,데이트,레더,여름,댄디,페이탈리즘,몬스터리퍼블릭,로스트가든,블론드나인,브렌슨,데님 팬츠,안경 소품,메신저크로스 백,안경,구두,베스트,반소매 티셔츠,,,,,,
48,20211004,포멀,12454,와이드핏,출근룩,단정한,미니멀,레더,가을,포멀,로맨틱무브,테이크이지,미나브,드로우핏,하이드아웃,구두,니트스웨터,슈트 팬츠슬랙스,토트백,겨울 싱글 코트,,,,,,,
49,20210913,캐주얼,12411,로고플레이,스트라이프,캠퍼스,레이어드룩,벌룬핏,가을,캐주얼,브래디백,아디다스,라모랭,이벳필드,예일,노드스튜디오,라퍼지스토어,메신저크로스 백,잡지무크지,패션스니커즈화,비니,맨투맨스웨트셔츠,셔츠블라우스,데님 팬츠,사파리헌팅 재킷,,
50,20210604,캐주얼,12329,레이어드룩,남친룩,여름,캐주얼,아코스튜디오스페이스,어반스터프,뉴발란스,리,라퍼지스토어,니트스웨터,데님 팬츠,에코백,,,,,,,,,,,,
51,20210531,포멀,12326,미니멀,루즈핏,봄,포멀,후러브스아트,집시,베드포드일레븐스,로얄런던시계,로맨틱무브,슈트 팬츠슬랙스,안경 소품,셔츠블라우스,반소매 티셔츠,백팩,쿼츠 아날로그,구두,로퍼,,,,,,,
52,20210906,캐주얼,12294,레터링,오버핏,편안한,원마일웨어,가을,캐주얼,페넥,골라 클래식,브렌슨,참스,엠엘비,지갑머니클립,트레이닝조거 팬츠,긴소매 티셔츠,캡야구 모자,,,,,,,,,
54,20210104,캐주얼,12258,겨울,캐주얼,티엔피,나이키,블론드나인,더블유브이프로젝트,비니,플리스뽀글이,패션스니커즈화,니트스웨터,트레이닝조거 팬츠,,,,,,,,,,,,,
55,20210316,캐주얼,12257,봄,캐주얼,핍스,제로,엄브로,메신저크로스 백,기타 컬처,트레이닝조거 팬츠,,,,,,,,,,,,,,,,
56,20211104,캐주얼,12202,와이드핏,플리스,리버서블,레터링,편안한,원마일웨어,가을,캐주얼,저스트크래프트,제로,커버낫,티떠블유엔,카비시,리끌로우,패션스니커즈화,트레이닝조거 팬츠,플리스뽀글이,맨투맨스웨트셔츠,비니,머플러,,,,
57,20210309,캐주얼,12157,캐주얼,파르티멘토,쏘로굿,엘리오티,커버낫,플랙,트러커 재킷,기타 모자,부츠,헌팅캡베레모,기타 컬처,데님 팬츠,,,,,,,,,,,,
60,20210730,캐주얼,35754,로고플레이,편안한,원마일웨어,와이드핏,여름,캐주얼,리,세미콜론 아이웨어,제로,반스,베지터블테이블,셔츠블라우스,반소매 티셔츠,안경,트레이닝조거 팬츠,캔버스단화,캡야구 모자,,,,,,,
61,20210203,캐주얼,33412,봄,스트릿,제로,월간,라퍼지스토어,키치오브제,블론드나인,47브랜드,트레이닝조거 팬츠,액자포스터,목걸이펜던트,레더라이더스 재킷,캔버스단화,니트스웨터,캡야구 모자,,,,,,,,,
62,20210223,포멀,31120,봄,캐주얼,라퍼지스토어,다이아몬드 레이라,나이키,엠프렌즈,모티패스트,이에스엔,안경 소품,디퓨저캔들,반소매 티셔츠,셔츠블라우스,패션스니커즈화,케이스슬리브,캡야구 모자,레더라이더스 재킷,맨투맨스웨트셔츠,,,,,,,
64,20210430,댄디,27239,봄,댄디,후러브스아트,발렌티노 루디,오니츠카타이거,예일,오버다인,슈트 팬츠슬랙스,안경 소품,쿼츠 아날로그,반려동물용품,미디스커트,반소매 티셔츠,메신저크로스 백,,,,,,,,,,
65,20210223,캐주얼,22327,봄,캐주얼,카시오,코닥,제로,와릿이즌,뉴발란스,커버낫,디지털,미니스커트,캡야구 모자,트레이닝조거 팬츠,,,,,,,,,,,,
67,20210329,캐주얼,19811,봄,캐주얼,본챔스,제로,와릿이즌,나이키,레인스,캡야구 모자,트레이닝조거 팬츠,안경 소품,반소매 티셔츠,긴소매 티셔츠,후드 집업,패션스니커즈화,메신저크로스 백,,,,,,,,,
69,20210915,캐주얼,19113,원마일웨어,로고플레이,가을,캐주얼,로커드,자브라,엘에이알,타입서비스,토피,트레이닝조거 팬츠,안경 소품,이어폰,패션스니커즈화,맨투맨스웨트셔츠,후드 집업,,,,,,,,,
70,20210831,아메리칸 캐주얼,18677,꾸안꾸,남친룩,핀턱,캠퍼스,와이드핏,여름,캐주얼,브래디백,와일드 브릭스,라퍼지스토어,닥터마틴,메신저크로스 백,잡지무크지,팔찌,맨투맨스웨트셔츠,구두,,,,,,,,
71,20210302,댄디,18610,봄,캐주얼,제멋,화이트블럭,엠엠엘지,어널러코드,뉴발란스,예일,블루종MA1,케이스슬리브,반소매 티셔츠,트레이닝조거 팬츠,캡야구 모자,,,,,,,,,,,
72,20210504,포멀,18417,봄,캐주얼,파르티멘토,반스,벗딥,커버낫,목걸이펜던트,캔버스단화,메신저크로스 백,코튼 팬츠,반소매 티셔츠,,,,,,,,,,,,,
73,20211004,댄디,18288,오버핏,플리스,리버서블,편안한,원마일웨어,가을,캐주얼,프로스펙스,브렌슨,고다신,커버낫,주네시 스포츠 클럽,제멋,캔버스단화,트레이닝조거 팬츠,안경 소품,액자포스터,이어폰,플리스뽀글이,캡야구 모자,맨투맨스웨트셔츠,,,
74,20210915,포멀,17894,데이트,그래픽,레이어드룩,가을,댄디,엘무드,뮤지엄바이비컨,테이크이지,로스트가든,아르반,플랙,누깍,반소매 티셔츠,니트스웨터,안경,셔츠블라우스,부츠,블루종MA1,데님 팬츠,숄더백,,,,
75,20210324,캐주얼,17875,봄,댄디,모디파이드,반,락포트,수아레,슈트블레이저 재킷,기타 시계,메신저크로스 백,데님 팬츠,구두,셔츠블라우스,,,,,,,,,,,,
76,20210625,캐주얼,17477,원마일웨어,로고플레이,편안한,캠퍼스,모노톤,여름,캐주얼,제로,아디다스,엄브로,리,트레이닝조거 팬츠,액자포스터,슬리퍼,백팩,기타 컬처,캡야구 모자,반소매 티셔츠,,,,,,
77,20210927,캐주얼,16725,편안한,에코,캠퍼스,가을,캐주얼,어널러코드,지프,커버낫,리복,투엔티벅스,라퍼지스토어,트레이닝조거 팬츠,맨투맨스웨트셔츠,캡야구 모자,패션스니커즈화,에코백,사파리헌팅 재킷,,,,,,,
78,20211008,댄디,16242,와이드핏,체크,그래픽,지브라,편안한,원마일웨어,가을,캐주얼,제로,반스,미니멀프로젝트,엘엠씨,원헌드레드퍼센트,트레이닝조거 팬츠,캔버스단화,비니,맨투맨스웨트셔츠,,,,,,,
79,20211026,캐주얼,15884,레더,모노톤,데이트,슬림핏,가을,댄디,플랙,에이징씨씨씨,카시오,닉앤니콜 포 맨,로맨틱무브,드로우핏,데님 팬츠,안경 소품,액자포스터,레더라이더스 재킷,쿼츠 아날로그,토트백,부츠,니트스웨터,,,,
81,20210907,캐주얼,15661,아가일,모노톤,데이트,남친룩,가을,댄디,엘에이알,니티드,후러브스아트,까르벵 워치,쌤소나이트 레드,카디건,슈트 팬츠슬랙스,쿼츠 아날로그,토트백,,,,,,,,,
87,20211116,포멀,14607,핀턱,뉴트럴톤,레더,격식,출근룩,단정한,가을,포멀,라퍼지스토어,테이크이지,로스트가든,탄틴,아르반,로만손,겨울 싱글 코트,니트스웨터,구두,브리프케이스,셔츠블라우스,슈트 팬츠슬랙스,쿼츠 아날로그,,,
88,20210721,캐주얼,14182,편안한,캠퍼스,원마일웨어,로고플레이,여름,캐주얼,엠엠엘지,제로,캉골,칼하트,나이키,캡야구 모자,트레이닝조거 팬츠,백팩,반소매 티셔츠,패션스니커즈화,,,,,,,,
89,20210325,캐주얼,13993,캐주얼,네이키드니스,페플,반스,낫포너드,커버낫,메신저크로스 백,기타 컬처,트러커 재킷,비니,캔버스단화,트레이닝조거 팬츠,안경 소품,맨투맨스웨트셔츠,,,,,,,,,,
90,20211022,댄디,13982,키높이,워싱,레더,모노톤,SELFLOVE,셀럽템,가을,캐주얼,파르티멘토,컨버스,레더라이더스 재킷,숏패딩숏헤비 아우터,셔츠블라우스,캔버스단화,데님 팬츠,,,,,,,,,
92,20210921,캐주얼,13872,레이어드룩,캠퍼스,남친룩,꾸안꾸,로고플레이,와이드핏,가을,캐주얼,척,토피,컨버스,카시오,엠엠엘지,키뮤어,베스트,후드 집업,데님 팬츠,캔버스단화,디지털,백팩,,,,
94,20211123,캐주얼,13799,캠퍼스,레더,와이드핏,꾸안꾸,오버핏,콜라보,가을,캐주얼,컨버스,매스노운,마하그리드,라퍼지스토어,플랙,토마스모어,메신저크로스 백,캡야구 모자,맨투맨스웨트셔츠,데님 팬츠,숏패딩숏헤비 아우터,,,,,
95,20210702,댄디,13695,톤온톤,뉴트럴톤,캠퍼스,피크닉,와이드핏,오버핏,꾸안꾸,여름,캐주얼,벗딥,엠엠엘지,캐치볼,예일,반원 아틀리에,토트백,잡지무크지,캡야구 모자,캔버스단화,반소매 티셔츠,,,,,
96,20211110,댄디,13642,원마일웨어,로고플레이,한파,가을,캐주얼,골라 클래식,예일,로마네,브라운브레스,노스페이스,오닐,후드 티셔츠,케이스슬리브,트레이닝조거 팬츠,숏패딩숏헤비 아우터,메신저크로스 백,,,,,,,,
100,20210308,댄디,13187,봄,포멀,모디파이드,엘무드,조셉트,로우로우,에스피오나지,슈트블레이저 재킷,기타 시계,반소매 티셔츠,니트스웨터,구두,안경,셔츠블라우스,,,,,,,,,,
102,20211019,캐주얼,12900,꾸안꾸,남친룩,가을,캐주얼,리끌로우,반스,엄브로,세터,예일,안경,캔버스단화,메신저크로스 백,니트스웨터,숏패딩숏헤비 아우터,,,,,,,,,,
105,20210716,캐주얼,12636,미니멀,남친룩,데이트,레더,여름,댄디,페이탈리즘,몬스터리퍼블릭,로스트가든,블론드나인,브렌슨,데님 팬츠,안경 소품,메신저크로스 백,안경,구두,베스트,반소매 티셔츠,,,,,,
108,20211004,캐주얼,12454,와이드핏,출근룩,단정한,미니멀,레더,가을,포멀,로맨틱무브,테이크이지,미나브,드로우핏,하이드아웃,구두,니트스웨터,슈트 팬츠슬랙스,토트백,겨울 싱글 코트,,,,,,,
109,20210913,댄디,12411,로고플레이,스트라이프,캠퍼스,레이어드룩,벌룬핏,가을,캐주얼,브래디백,아디다스,라모랭,이벳필드,예일,노드스튜디오,라퍼지스토어,메신저크로스 백,잡지무크지,패션스니커즈화,비니,맨투맨스웨트셔츠,셔츠블라우스,데님 팬츠,사파리헌팅 재킷,,
110,20210604,캐주얼,12329,레이어드룩,남친룩,여름,캐주얼,아코스튜디오스페이스,어반스터프,뉴발란스,리,라퍼지스토어,니트스웨터,데님 팬츠,에코백,,,,,,,,,,,,
111,20210531,캐주얼,12326,미니멀,루즈핏,봄,포멀,후러브스아트,집시,베드포드일레븐스,로얄런던시계,로맨틱무브,슈트 팬츠슬랙스,안경 소품,셔츠블라우스,반소매 티셔츠,백팩,쿼츠 아날로그,구두,로퍼,,,,,,,
112,20210906,스포츠,12294,레터링,오버핏,편안한,원마일웨어,가을,캐주얼,페넥,골라 클래식,브렌슨,참스,엠엘비,지갑머니클립,트레이닝조거 팬츠,긴소매 티셔츠,캡야구 모자,,,,,,,,,
114,20210104,캐주얼,12258,겨울,캐주얼,티엔피,나이키,블론드나인,더블유브이프로젝트,비니,플리스뽀글이,패션스니커즈화,니트스웨터,트레이닝조거 팬츠,,,,,,,,,,,,,
115,20210316,캐주얼,12257,봄,캐주얼,핍스,제로,엄브로,메신저크로스 백,기타 컬처,트레이닝조거 팬츠,,,,,,,,,,,,,,,,
116,20211104,스포츠,12202,와이드핏,플리스,리버서블,레터링,편안한,원마일웨어,가을,캐주얼,저스트크래프트,제로,커버낫,티떠블유엔,카비시,리끌로우,패션스니커즈화,트레이닝조거 팬츠,플리스뽀글이,맨투맨스웨트셔츠,비니,머플러,,,,
117,20210309,캐주얼,12157,캐주얼,파르티멘토,쏘로굿,엘리오티,커버낫,플랙,트러커 재킷,기타 모자,부츠,헌팅캡베레모,기타 컬처,데님 팬츠,,,,,,,,,,,,
120,20210224,스포츠,11540,봄,캐주얼,유니폼브릿지,뉴발란스,커버낫,안경 소품,백팩,맨투맨스웨트셔츠,,,,,,,,,,,,,,,,
121,20210604,캐주얼,11429,체크,프레피룩,레이어드룩,피크닉,여름,캐주얼,컨버스,브래디백,리,후아유,비욘드클로젯,캔버스단화,메신저크로스 백,잡지무크지,숏 팬츠,피케카라 티셔츠,베스트,,,,,,,
122,20211006,캐주얼,11315,셋업코디,출근룩,단정한,격식,미니멀,가을,포멀,마노모스,닥터마틴,라퍼지스토어,수아레,안경,구두,셔츠블라우스,,,,,,,,,,
123,20210824,캐주얼,11151,애슬레저룩,스포티,로고플레이,컬러블록,여름,스포츠,나이키,킨토,엄브로,숏 팬츠,선글라스,디퓨저캔들,보스턴드럼더플백,기타 컬처,패션스니커즈화,키친,텀블러,,,,,,,
125,20210908,캐주얼,11074,오버핏,워싱,캠퍼스,꾸안꾸,레이어드룩,남친룩,가을,캐주얼,제이반스 클래식,커버낫,페이탈리즘,나이키,팔찌,백팩,데님 팬츠,기타 스니커즈,셔츠블라우스,,,,,,,
126,20210520,댄디,11069,꾸안꾸,올블랙,로고플레이,봄,캐주얼,와릿이즌,나이키,파츠,제이반스 클래식,호카오네오네,메인부스,셔츠블라우스,반소매 티셔츠,캡야구 모자,팔찌,벨트,,,,,,,,
128,20210917,캐주얼,10941,캠퍼스,꾸안꾸,워싱,로고플레이,메쉬,가을,캐주얼,올리버커스텀,와릿이즌,코드그라피,그라미치,플랙,디스이즈네버댓,캔버스단화,백팩,블루종MA1,캡야구 모자,데님 팬츠,,,,,,
129,20210312,아메리칸 캐주얼,10910,봄,캐주얼,캉골,퍼블릭아이콘,디스이즈네버댓,루킹포유,커버낫,메신저크로스 백,기타 컬처,데님 팬츠,안경 소품,헌팅캡베레모,캔버스단화,안경,맨투맨스웨트셔츠,,,,,,,,,
131,20210122,캐주얼,10792,댄디,세컨모놀로그,도프제이슨,후러브스아트,토르소,어나더브릿지,피렌체 아뜨리에,반소매 티셔츠,맨투맨스웨트셔츠,무스탕퍼,슈트 팬츠슬랙스,쿼츠 아날로그,안경,부츠,,,,,,,,,,
132,20210308,캐주얼,10769,포멀,무신사 스탠다드,로우로우,손신발,반소매 티셔츠,셔츠블라우스,안경,슈트 팬츠슬랙스,안경 소품,디퓨저캔들,슈트블레이저 재킷,기타 시계,버킷사파리햇,구두,로퍼,니트스웨터,,,,,,,,
133,20211108,캐주얼,10703,스웨이드,데이트,슬림핏,남친룩,가을,댄디,모드나인,씨엘론다,닥터마틴,블론드나인,도프제이슨,안데르센 안데르센,데님 팬츠,안경 소품,안경,부츠,기타 스니커즈,니트스웨터,무스탕퍼,머플러,,,,
134,20210917,캐주얼,10699,미니멀,남친룩,데이트,레더,레이어드룩,가을,포멀,비에스큐티바이클래시,후러브스아트,라퍼지스토어,캘빈클라인 진,르네 하우윈,유니폼브릿지,블론드나인,부츠,기타 스니커즈,슈트 팬츠슬랙스,안경 소품,디지털,클러치 백,안경,베스트,,
136,20210312,캐주얼,10622,봄,캐주얼,유니폼브릿지,커버낫,캡야구 모자,에코백,코튼 팬츠,캔버스단화,맨투맨스웨트셔츠,,,,,,,,,,,,,,,
137,20210225,캐주얼,10509,봄,캐주얼,유니폼브릿지,예일,엠엘비,컨버스,렉켄,안경 소품,액자포스터,웨이스트 백,캔버스단화,,,,,,,,,,,,,
139,20210611,캐주얼,10451,남친룩,스트라이프,로고플레이,모노톤,꾸안꾸,여름,캐주얼,리,닥터마틴,와릿이즌,엑스톤즈,셔츠블라우스,반소매 티셔츠,샌들,숄더백,데님 팬츠,,,,,,,,
144,20211012,캐주얼,10218,와펜,캠퍼스,핀턱,플리스,가을,캐주얼,와릿이즌,라퍼지스토어,나이키,반소매 티셔츠,캡야구 모자,셔츠블라우스,,,,,,,,,,,,
147,20210208,포멀,9987,봄,포멀,무신사 스탠다드,겨울 싱글 코트,디지털,페도라,반소매 티셔츠,카디건,벨트,니트스웨터,캔버스단화,슈트 팬츠슬랙스,안경 소품,토이,,,,,,,,,,
149,20210714,캐주얼,9940,오버핏,벌룬핏,시티보이룩,로고플레이,여름,캐주얼,트래블,라퍼지스토어,셔츠블라우스,메신저크로스 백,,,,,,,,,,,,,,
152,20211026,포멀,9841,로고플레이,컬러포인트,편안한,원마일웨어,플리스,비비드,가을,캐주얼,기키,아식스,코닥,플레인브랜드,마하그리드,가까이 유니언즈,케이스슬리브,패션스니커즈화,안경,후드 티셔츠,트레이닝조거 팬츠,,,,,
153,20211108,캐주얼,9763,미니멀,오버핏,데이트,남친룩,가을,댄디,쿠어,파르티멘토,피렌체 아뜨리에,토트백,비니,카디건,니트스웨터,데님 팬츠,구두,,,,,,,,,
154,20210929,캐주얼,9722,컬러포인트,남친룩,꾸안꾸,캠퍼스,워싱,가을,캐주얼,피스메이커,후아유,퀄리티 퍼포먼스,플랙,푸마,라퍼지스토어,비니,메신저크로스 백,반소매 티셔츠,긴소매 티셔츠,데님 팬츠,캔버스단화,카디건,기타 시계,사파리헌팅 재킷,,
155,20210729,댄디,9632,모노톤,단정한,남친룩,레더,데이트,여름,댄디,페플,엠엠지엘,리끌로우,레인메이커,인템포무드,어반드레스,셔츠블라우스,반소매 티셔츠,슬리퍼,안경,골프가방,숏 팬츠,베스트,,,,
157,20211112,캐주얼,9585,워싱,미니멀,남친룩,데이트,얼죽코,셀럽템,SELFLOVE,가을,댄디,인사일런스,모드나인,비엔베투,나이키,밈더워드로브,환절기 코트,데님 팬츠,목걸이펜던트,맨투맨스웨트셔츠,메신저크로스 백,,,,,
159,20211224,댄디,9563,남친룩,레더,데이트,테이퍼드핏,오버핏,소개팅,스티치,겨울,댄디,쿠어,에스에스알엘,플랙,유니폼브릿지,슈마커,예일,니트스웨터,메신저크로스 백,데님 팬츠,숏패딩숏헤비 아우터,캔버스단화,머플러,,,
160,20211123,캐주얼,9530,레이어드룩,레더,남친룩,데이트,뉴트럴톤,소개팅,가을,댄디,블루엘리펀트,수아레,파인드카푸어,토마스모어,시그니처,컬러콜라,라퍼지스토어,안경,니트스웨터,숄더백,슈트 팬츠슬랙스,부츠,,,,
162,20210528,포멀,9503,찢청,로고플레이,봄,캐주얼,겐지,문수권세컨,피그앤헨,에이카화이트,뉴발란스,선글라스,데님 팬츠,안경 소품,팔찌,반소매 티셔츠,,,,,,,,,,
163,20210901,캐주얼,9482,톤온톤,남친룩,데이트,미니멀,가을,댄디,엘무드,마리떼,하이파이펑크,커스텀에이드,로이드,헤지스 맨 액세서리,반소매 티셔츠,카디건,셔츠블라우스,슈트 팬츠슬랙스,기타 스니커즈,쿼츠 아날로그,토트백,,,,,
165,20210415,댄디,9464,캐주얼,라모랭,에이징씨씨씨,나이키,스트리트 스탠다드,비니,팔찌,맨투맨스웨트셔츠,기타 스니커즈,코튼 팬츠,,,,,,,,,,,,,,
168,20210222,캐주얼,9400,캐주얼,제이다울,슬로코스터,유니폼브릿지,필루미네이트,캔버스단화,메신저크로스 백,맨투맨스웨트셔츠,데님 팬츠,안경,셔츠블라우스,,,,,,,,,,,,,
171,20211104,댄디,9340,스트라이프,로고플레이,꾸안꾸,남친룩,캠퍼스,가을,캐주얼,아영상사,바스틱,비디알,반스,예일,리,데님 팬츠,안경 소품,긴소매 티셔츠,셔츠블라우스,캔버스단화,숏패딩숏헤비 아우터,숄더백,,,,
172,20210922,스트릿,9339,편안한,로고플레이,가을,스포츠,브룩스,나이키,론즈데일,반소매 티셔츠,보스턴드럼더플백,,,,,,,,,,,,,,,
174,20210415,캐주얼,9261,봄,캐주얼,커버낫,앤투마스,제멋,캐치볼,메신저크로스 백,맨투맨스웨트셔츠,캡야구 모자,미디스커트,볼캡,데님 팬츠,캔버스단화,,,,,,,,,,,
175,20211007,캐주얼,9253,모노톤,로고플레이,편안한,원마일웨어,가을,캐주얼,디폴트벨류,제로,커버낫,와릿이즌,꼼파뇨,휠라,캡야구 모자,트레이닝조거 팬츠,안경 소품,맨투맨스웨트셔츠,파우치 백,후드 집업,패션스니커즈화,,,,,
176,20211018,캐주얼,9222,로고플레이,편안한,애슬레저룩,플리스,가을,스포츠,나이키,어더스,엠비치오넴,소니,아디다스,엄브로,반소매 티셔츠,맨투맨스웨트셔츠,보스턴드럼더플백,이어폰,트레이닝조거 팬츠,안경 소품,액자포스터,플리스뽀글이,,,,
178,20211029,댄디,9188,편안한,원마일웨어,레터링,플리스,가을,캐주얼,제너,디프리크,후아유,리트리버클럽,디써티원,슈마커,메신저크로스 백,트레이닝조거 팬츠,맨투맨스웨트셔츠,캡야구 모자,캔버스단화,,,,,,,
180,20210730,캐주얼,35754,로고플레이,편안한,원마일웨어,와이드핏,여름,캐주얼,리,세미콜론 아이웨어,제로,반스,베지터블테이블,셔츠블라우스,반소매 티셔츠,안경,트레이닝조거 팬츠,캔버스단화,캡야구 모자,,,,,,,
181,20210203,캐주얼,33412,봄,스트릿,제로,월간,라퍼지스토어,키치오브제,블론드나인,47브랜드,트레이닝조거 팬츠,액자포스터,목걸이펜던트,레더라이더스 재킷,캔버스단화,니트스웨터,캡야구 모자,,,,,,,,,
182,20210223,캐주얼,31120,봄,캐주얼,라퍼지스토어,다이아몬드 레이라,나이키,엠프렌즈,모티패스트,이에스엔,안경 소품,디퓨저캔들,반소매 티셔츠,셔츠블라우스,패션스니커즈화,케이스슬리브,캡야구 모자,레더라이더스 재킷,맨투맨스웨트셔츠,,,,,,,
184,20210430,캐주얼,27239,봄,댄디,후러브스아트,발렌티노 루디,오니츠카타이거,예일,오버다인,슈트 팬츠슬랙스,안경 소품,쿼츠 아날로그,반려동물용품,미디스커트,반소매 티셔츠,메신저크로스 백,,,,,,,,,,
185,20210223,댄디,22327,봄,캐주얼,카시오,코닥,제로,와릿이즌,뉴발란스,커버낫,디지털,미니스커트,캡야구 모자,트레이닝조거 팬츠,,,,,,,,,,,,
187,20210329,캐주얼,19811,봄,캐주얼,본챔스,제로,와릿이즌,나이키,레인스,캡야구 모자,트레이닝조거 팬츠,안경 소품,반소매 티셔츠,긴소매 티셔츠,후드 집업,패션스니커즈화,메신저크로스 백,,,,,,,,,
189,20210915,캐주얼,19113,원마일웨어,로고플레이,가을,캐주얼,로커드,자브라,엘에이알,타입서비스,토피,트레이닝조거 팬츠,안경 소품,이어폰,패션스니커즈화,맨투맨스웨트셔츠,후드 집업,,,,,,,,,
190,20210831,캐주얼,18677,꾸안꾸,남친룩,핀턱,캠퍼스,와이드핏,여름,캐주얼,브래디백,와일드 브릭스,라퍼지스토어,닥터마틴,메신저크로스 백,잡지무크지,팔찌,맨투맨스웨트셔츠,구두,,,,,,,,
191,20210302,캐주얼,18610,봄,캐주얼,제멋,화이트블럭,엠엠엘지,어널러코드,뉴발란스,예일,블루종MA1,케이스슬리브,반소매 티셔츠,트레이닝조거 팬츠,캡야구 모자,,,,,,,,,,,
192,20210504,캐주얼,18417,봄,캐주얼,파르티멘토,반스,벗딥,커버낫,목걸이펜던트,캔버스단화,메신저크로스 백,코튼 팬츠,반소매 티셔츠,,,,,,,,,,,,,
193,20211004,캐주얼,18288,오버핏,플리스,리버서블,편안한,원마일웨어,가을,캐주얼,프로스펙스,브렌슨,고다신,커버낫,주네시 스포츠 클럽,제멋,캔버스단화,트레이닝조거 팬츠,안경 소품,액자포스터,이어폰,플리스뽀글이,캡야구 모자,맨투맨스웨트셔츠,,,
194,20210915,포멀,17894,데이트,그래픽,레이어드룩,가을,댄디,엘무드,뮤지엄바이비컨,테이크이지,로스트가든,아르반,플랙,누깍,반소매 티셔츠,니트스웨터,안경,셔츠블라우스,부츠,블루종MA1,데님 팬츠,숄더백,,,,
195,20210324,캐주얼,17875,봄,댄디,모디파이드,반,락포트,수아레,슈트블레이저 재킷,기타 시계,메신저크로스 백,데님 팬츠,구두,셔츠블라우스,,,,,,,,,,,,
196,20210625,캐주얼,17477,원마일웨어,로고플레이,편안한,캠퍼스,모노톤,여름,캐주얼,제로,아디다스,엄브로,리,트레이닝조거 팬츠,액자포스터,슬리퍼,백팩,기타 컬처,캡야구 모자,반소매 티셔츠,,,,,,
197,20210927,댄디,16725,편안한,에코,캠퍼스,가을,캐주얼,어널러코드,지프,커버낫,리복,투엔티벅스,라퍼지스토어,트레이닝조거 팬츠,맨투맨스웨트셔츠,캡야구 모자,패션스니커즈화,에코백,사파리헌팅 재킷,,,,,,,
198,20211008,캐주얼,16242,와이드핏,체크,그래픽,지브라,편안한,원마일웨어,가을,캐주얼,제로,반스,미니멀프로젝트,엘엠씨,원헌드레드퍼센트,트레이닝조거 팬츠,캔버스단화,비니,맨투맨스웨트셔츠,,,,,,,
199,20211026,포멀,15884,레더,모노톤,데이트,슬림핏,가을,댄디,플랙,에이징씨씨씨,카시오,닉앤니콜 포 맨,로맨틱무브,드로우핏,데님 팬츠,안경 소품,액자포스터,레더라이더스 재킷,쿼츠 아날로그,토트백,부츠,니트스웨터,,,,
201,20210907,아메리칸 캐주얼,15661,아가일,모노톤,데이트,남친룩,가을,댄디,엘에이알,니티드,후러브스아트,까르벵 워치,쌤소나이트 레드,카디건,슈트 팬츠슬랙스,쿼츠 아날로그,토트백,,,,,,,,,
207,20211116,캐주얼,14609,핀턱,뉴트럴톤,레더,격식,출근룩,단정한,가을,포멀,라퍼지스토어,테이크이지,로스트가든,탄틴,아르반,로만손,겨울 싱글 코트,니트스웨터,구두,브리프케이스,셔츠블라우스,슈트 팬츠슬랙스,쿼츠 아날로그,,,
208,20210721,캐주얼,14183,편안한,캠퍼스,원마일웨어,로고플레이,여름,캐주얼,엠엠엘지,제로,캉골,칼하트,나이키,캡야구 모자,트레이닝조거 팬츠,백팩,반소매 티셔츠,패션스니커즈화,,,,,,,,
209,20210325,캐주얼,13994,캐주얼,네이키드니스,페플,반스,낫포너드,커버낫,메신저크로스 백,기타 컬처,트러커 재킷,비니,캔버스단화,트레이닝조거 팬츠,안경 소품,맨투맨스웨트셔츠,,,,,,,,,,
210,20211022,캐주얼,13983,키높이,워싱,레더,모노톤,SELFLOVE,셀럽템,가을,캐주얼,파르티멘토,컨버스,레더라이더스 재킷,숏패딩숏헤비 아우터,셔츠블라우스,캔버스단화,데님 팬츠,,,,,,,,,
212,20210921,캐주얼,13873,레이어드룩,캠퍼스,남친룩,꾸안꾸,로고플레이,와이드핏,가을,캐주얼,척,토피,컨버스,카시오,엠엠엘지,키뮤어,베스트,후드 집업,데님 팬츠,캔버스단화,디지털,백팩,,,,
214,20211123,캐주얼,13800,캠퍼스,레더,와이드핏,꾸안꾸,오버핏,콜라보,가을,캐주얼,컨버스,매스노운,마하그리드,라퍼지스토어,플랙,토마스모어,메신저크로스 백,캡야구 모자,맨투맨스웨트셔츠,데님 팬츠,숏패딩숏헤비 아우터,,,,,
215,20210702,캐주얼,13696,톤온톤,뉴트럴톤,캠퍼스,피크닉,와이드핏,오버핏,꾸안꾸,여름,캐주얼,벗딥,엠엠엘지,캐치볼,예일,반원 아틀리에,토트백,잡지무크지,캡야구 모자,캔버스단화,반소매 티셔츠,,,,,
216,20211110,캐주얼,13644,원마일웨어,로고플레이,한파,가을,캐주얼,골라 클래식,예일,로마네,브라운브레스,노스페이스,오닐,후드 티셔츠,케이스슬리브,트레이닝조거 팬츠,숏패딩숏헤비 아우터,메신저크로스 백,,,,,,,,
220,20210308,댄디,13188,봄,포멀,모디파이드,엘무드,조셉트,로우로우,에스피오나지,슈트블레이저 재킷,기타 시계,반소매 티셔츠,니트스웨터,구두,안경,셔츠블라우스,,,,,,,,,,
222,20211019,캐주얼,12901,꾸안꾸,남친룩,가을,캐주얼,리끌로우,반스,엄브로,세터,예일,안경,캔버스단화,메신저크로스 백,니트스웨터,숏패딩숏헤비 아우터,,,,,,,,,,
225,20210716,캐주얼,12637,미니멀,남친룩,데이트,레더,여름,댄디,페이탈리즘,몬스터리퍼블릭,로스트가든,블론드나인,브렌슨,데님 팬츠,안경 소품,메신저크로스 백,안경,구두,베스트,반소매 티셔츠,,,,,,
228,20211004,캐주얼,12455,와이드핏,출근룩,단정한,미니멀,레더,가을,포멀,로맨틱무브,테이크이지,미나브,드로우핏,하이드아웃,구두,니트스웨터,슈트 팬츠슬랙스,토트백,겨울 싱글 코트,,,,,,,
229,20210913,캐주얼,12412,로고플레이,스트라이프,캠퍼스,레이어드룩,벌룬핏,가을,캐주얼,브래디백,아디다스,라모랭,이벳필드,예일,노드스튜디오,라퍼지스토어,메신저크로스 백,잡지무크지,패션스니커즈화,비니,맨투맨스웨트셔츠,셔츠블라우스,데님 팬츠,사파리헌팅 재킷,,
230,20210604,캐주얼,12330,레이어드룩,남친룩,여름,캐주얼,아코스튜디오스페이스,어반스터프,뉴발란스,리,라퍼지스토어,니트스웨터,데님 팬츠,에코백,,,,,,,,,,,,
231,20210531,캐주얼,12327,미니멀,루즈핏,봄,포멀,후러브스아트,집시,베드포드일레븐스,로얄런던시계,로맨틱무브,슈트 팬츠슬랙스,안경 소품,셔츠블라우스,반소매 티셔츠,백팩,쿼츠 아날로그,구두,로퍼,,,,,,,
232,20210906,캐주얼,12295,레터링,오버핏,편안한,원마일웨어,가을,캐주얼,페넥,골라 클래식,브렌슨,참스,엠엘비,지갑머니클립,트레이닝조거 팬츠,긴소매 티셔츠,캡야구 모자,,,,,,,,,
234,20210104,스트릿,12259,겨울,캐주얼,티엔피,나이키,블론드나인,더블유브이프로젝트,비니,플리스뽀글이,패션스니커즈화,니트스웨터,트레이닝조거 팬츠,,,,,,,,,,,,,
235,20210316,스트릿,12258,봄,캐주얼,핍스,제로,엄브로,메신저크로스 백,기타 컬처,트레이닝조거 팬츠,,,,,,,,,,,,,,,,
236,20211104,캐주얼,12203,와이드핏,플리스,리버서블,레터링,편안한,원마일웨어,가을,캐주얼,저스트크래프트,제로,커버낫,티떠블유엔,카비시,리끌로우,패션스니커즈화,트레이닝조거 팬츠,플리스뽀글이,맨투맨스웨트셔츠,비니,머플러,,,,
237,20210309,캐주얼,12158,캐주얼,파르티멘토,쏘로굿,엘리오티,커버낫,플랙,트러커 재킷,기타 모자,부츠,헌팅캡베레모,기타 컬처,데님 팬츠,,,,,,,,,,,,
240,20210224,캐주얼,11541,봄,캐주얼,유니폼브릿지,뉴발란스,커버낫,안경 소품,백팩,맨투맨스웨트셔츠,,,,,,,,,,,,,,,,
241,20210604,캐주얼,11430,체크,프레피룩,레이어드룩,피크닉,여름,캐주얼,컨버스,브래디백,리,후아유,비욘드클로젯,캔버스단화,메신저크로스 백,잡지무크지,숏 팬츠,피케카라 티셔츠,베스트,,,,,,,
242,20211006,캐주얼,11316,셋업코디,출근룩,단정한,격식,미니멀,가을,포멀,마노모스,닥터마틴,라퍼지스토어,수아레,안경,구두,셔츠블라우스,,,,,,,,,,
243,20210824,캐주얼,11152,애슬레저룩,스포티,로고플레이,컬러블록,여름,스포츠,나이키,킨토,엄브로,숏 팬츠,선글라스,디퓨저캔들,보스턴드럼더플백,기타 컬처,패션스니커즈화,키친,텀블러,,,,,,,
245,20210908,캐주얼,11075,오버핏,워싱,캠퍼스,꾸안꾸,레이어드룩,남친룩,가을,캐주얼,제이반스 클래식,커버낫,페이탈리즘,나이키,팔찌,백팩,데님 팬츠,기타 스니커즈,셔츠블라우스,,,,,,,
246,20210520,캐주얼,11070,꾸안꾸,올블랙,로고플레이,봄,캐주얼,와릿이즌,나이키,파츠,제이반스 클래식,호카오네오네,메인부스,셔츠블라우스,반소매 티셔츠,캡야구 모자,팔찌,벨트,,,,,,,,
248,20210917,캐주얼,10942,캠퍼스,꾸안꾸,워싱,로고플레이,메쉬,가을,캐주얼,올리버커스텀,와릿이즌,코드그라피,그라미치,플랙,디스이즈네버댓,캔버스단화,백팩,블루종MA1,캡야구 모자,데님 팬츠,,,,,,
249,20210312,캐주얼,10911,봄,캐주얼,캉골,퍼블릭아이콘,디스이즈네버댓,루킹포유,커버낫,메신저크로스 백,기타 컬처,데님 팬츠,안경 소품,헌팅캡베레모,캔버스단화,안경,맨투맨스웨트셔츠,,,,,,,,,
251,20210122,캐주얼,10794,댄디,세컨모놀로그,도프제이슨,후러브스아트,토르소,어나더브릿지,피렌체 아뜨리에,반소매 티셔츠,맨투맨스웨트셔츠,무스탕퍼,슈트 팬츠슬랙스,쿼츠 아날로그,안경,부츠,,,,,,,,,,
252,20210308,캐주얼,10770,포멀,무신사 스탠다드,로우로우,손신발,반소매 티셔츠,셔츠블라우스,안경,슈트 팬츠슬랙스,안경 소품,디퓨저캔들,슈트블레이저 재킷,기타 시계,버킷사파리햇,구두,로퍼,니트스웨터,,,,,,,,
253,20211108,캐주얼,10704,스웨이드,데이트,슬림핏,남친룩,가을,댄디,모드나인,씨엘론다,닥터마틴,블론드나인,도프제이슨,안데르센 안데르센,데님 팬츠,안경 소품,안경,부츠,기타 스니커즈,니트스웨터,무스탕퍼,머플러,,,,
254,20210917,캐주얼,10700,미니멀,남친룩,데이트,레더,레이어드룩,가을,포멀,비에스큐티바이클래시,후러브스아트,라퍼지스토어,캘빈클라인 진,르네 하우윈,유니폼브릿지,블론드나인,부츠,기타 스니커즈,슈트 팬츠슬랙스,안경 소품,디지털,클러치 백,안경,베스트,,
256,20210312,댄디,10623,봄,캐주얼,유니폼브릿지,커버낫,캡야구 모자,에코백,코튼 팬츠,캔버스단화,맨투맨스웨트셔츠,,,,,,,,,,,,,,,
257,20210225,캐주얼,10510,봄,캐주얼,유니폼브릿지,예일,엠엘비,컨버스,렉켄,안경 소품,액자포스터,웨이스트 백,캔버스단화,,,,,,,,,,,,,
259,20210611,캐주얼,10452,남친룩,스트라이프,로고플레이,모노톤,꾸안꾸,여름,캐주얼,리,닥터마틴,와릿이즌,엑스톤즈,셔츠블라우스,반소매 티셔츠,샌들,숄더백,데님 팬츠,,,,,,,,
264,20211012,캐주얼,10219,와펜,캠퍼스,핀턱,플리스,가을,캐주얼,와릿이즌,라퍼지스토어,나이키,반소매 티셔츠,캡야구 모자,셔츠블라우스,,,,,,,,,,,,
267,20210208,포멀,9988,봄,포멀,무신사 스탠다드,겨울 싱글 코트,디지털,페도라,반소매 티셔츠,카디건,벨트,니트스웨터,캔버스단화,슈트 팬츠슬랙스,안경 소품,토이,,,,,,,,,,
269,20210714,아메리칸 캐주얼,9941,오버핏,벌룬핏,시티보이룩,로고플레이,여름,캐주얼,트래블,라퍼지스토어,셔츠블라우스,메신저크로스 백,,,,,,,,,,,,,,
272,20211026,스포츠,9842,로고플레이,컬러포인트,편안한,원마일웨어,플리스,비비드,가을,캐주얼,기키,아식스,코닥,플레인브랜드,마하그리드,가까이 유니언즈,케이스슬리브,패션스니커즈화,안경,후드 티셔츠,트레이닝조거 팬츠,,,,,
273,20211108,댄디,9764,미니멀,오버핏,데이트,남친룩,가을,댄디,쿠어,파르티멘토,피렌체 아뜨리에,토트백,비니,카디건,니트스웨터,데님 팬츠,구두,,,,,,,,,
274,20210929,댄디,9723,컬러포인트,남친룩,꾸안꾸,캠퍼스,워싱,가을,캐주얼,피스메이커,후아유,퀄리티 퍼포먼스,플랙,푸마,라퍼지스토어,비니,메신저크로스 백,반소매 티셔츠,긴소매 티셔츠,데님 팬츠,캔버스단화,카디건,기타 시계,사파리헌팅 재킷,,
275,20210729,캐주얼,9633,모노톤,단정한,남친룩,레더,데이트,여름,댄디,페플,엠엠지엘,리끌로우,레인메이커,인템포무드,어반드레스,셔츠블라우스,반소매 티셔츠,슬리퍼,안경,골프가방,숏 팬츠,베스트,,,,
277,20211112,캐주얼,9586,워싱,미니멀,남친룩,데이트,얼죽코,셀럽템,SELFLOVE,가을,댄디,인사일런스,모드나인,비엔베투,나이키,밈더워드로브,환절기 코트,데님 팬츠,목걸이펜던트,맨투맨스웨트셔츠,메신저크로스 백,,,,,
279,20211224,캐주얼,9564,남친룩,레더,데이트,테이퍼드핏,오버핏,소개팅,스티치,겨울,댄디,쿠어,에스에스알엘,플랙,유니폼브릿지,슈마커,예일,니트스웨터,메신저크로스 백,데님 팬츠,숏패딩숏헤비 아우터,캔버스단화,머플러,,,
280,20211123,댄디,9531,레이어드룩,레더,남친룩,데이트,뉴트럴톤,소개팅,가을,댄디,블루엘리펀트,수아레,파인드카푸어,토마스모어,시그니처,컬러콜라,라퍼지스토어,안경,니트스웨터,숄더백,슈트 팬츠슬랙스,부츠,,,,
282,20210528,아메리칸 캐주얼,9504,찢청,로고플레이,봄,캐주얼,겐지,문수권세컨,피그앤헨,에이카화이트,뉴발란스,선글라스,데님 팬츠,안경 소품,팔찌,반소매 티셔츠,,,,,,,,,,
283,20210901,캐주얼,9483,톤온톤,남친룩,데이트,미니멀,가을,댄디,엘무드,마리떼,하이파이펑크,커스텀에이드,로이드,헤지스 맨 액세서리,반소매 티셔츠,카디건,셔츠블라우스,슈트 팬츠슬랙스,기타 스니커즈,쿼츠 아날로그,토트백,,,,,
285,20210415,캐주얼,9465,캐주얼,라모랭,에이징씨씨씨,나이키,스트리트 스탠다드,비니,팔찌,맨투맨스웨트셔츠,기타 스니커즈,코튼 팬츠,,,,,,,,,,,,,,
288,20210222,댄디,9401,캐주얼,제이다울,슬로코스터,유니폼브릿지,필루미네이트,캔버스단화,메신저크로스 백,맨투맨스웨트셔츠,데님 팬츠,안경,셔츠블라우스,,,,,,,,,,,,,
291,20211104,캐주얼,9340,스트라이프,로고플레이,꾸안꾸,남친룩,캠퍼스,가을,캐주얼,아영상사,바스틱,비디알,반스,예일,리,데님 팬츠,안경 소품,긴소매 티셔츠,셔츠블라우스,캔버스단화,숏패딩숏헤비 아우터,숄더백,,,,
292,20210922,캐주얼,9339,편안한,로고플레이,가을,스포츠,브룩스,나이키,론즈데일,반소매 티셔츠,보스턴드럼더플백,,,,,,,,,,,,,,,
294,20210415,캐주얼,9261,봄,캐주얼,커버낫,앤투마스,제멋,캐치볼,메신저크로스 백,맨투맨스웨트셔츠,캡야구 모자,미디스커트,볼캡,데님 팬츠,캔버스단화,,,,,,,,,,,
295,20211007,캐주얼,9253,모노톤,로고플레이,편안한,원마일웨어,가을,캐주얼,디폴트벨류,제로,커버낫,와릿이즌,꼼파뇨,휠라,캡야구 모자,트레이닝조거 팬츠,안경 소품,맨투맨스웨트셔츠,파우치 백,후드 집업,패션스니커즈화,,,,,
296,20211018,캐주얼,9222,로고플레이,편안한,애슬레저룩,플리스,가을,스포츠,나이키,어더스,엠비치오넴,소니,아디다스,엄브로,반소매 티셔츠,맨투맨스웨트셔츠,보스턴드럼더플백,이어폰,트레이닝조거 팬츠,안경 소품,액자포스터,플리스뽀글이,,,,
298,20211029,스트릿,9188,편안한,원마일웨어,레터링,플리스,가을,캐주얼,제너,디프리크,후아유,리트리버클럽,디써티원,슈마커,메신저크로스 백,트레이닝조거 팬츠,맨투맨스웨트셔츠,캡야구 모자,캔버스단화,,,,,,,
301,20210917,캐주얼,9155,그래픽,편안한,원마일웨어,에코,가을,캐주얼,언폴드,크럼프,비바스튜디오,어나더브릿지,나이키,에코백,잡지무크지,트레이닝조거 팬츠,안경 소품,맨투맨스웨트셔츠,안경,패션스니커즈화,,,,,,
302,20210913,캐주얼,9146,로고플레이,워싱,오버핏,캠퍼스,메쉬,키높이,가을,캐주얼,질스튜어트 스포츠 뉴욕,라퍼지스토어,와릿이즌,리,플랙,맨투맨스웨트셔츠,캡야구 모자,백팩,데님 팬츠,,,,,,,
303,20210104,캐주얼,9116,겨울,캐주얼,바이시클트로피,컨버스,아웃스탠딩,예일,후아유,팔찌,캔버스단화,트레이닝조거 팬츠,맨투맨스웨트셔츠,캡야구 모자,,,,,,,,,,,,
305,20210720,캐주얼,9003,그래픽,꾸안꾸,캠퍼스,모노톤,여름,캐주얼,디스이즈네버댓,트래블,라퍼지스토어,프리즘웍스,백팩,기타 컬처,반소매 티셔츠,코튼 팬츠,캡야구 모자,,,,,,,,,
306,20210302,댄디,8990,봄,댄디,데이빗스톤,엑스피어,모드나인,캘빈클라인,슬로우스탠다드,로파이,구두,벨트,데님 팬츠,쿼츠 아날로그,니트스웨터,레더라이더스 재킷,,,,,,,,,,
308,20210916,캐주얼,8942,레터링,편안한,원마일웨어,셋업코디,키높이,비,가을,캐주얼,어라운드투비,파라체이스,코드그라피,루오에스팩,메신저크로스 백,기타 컬처,우산,블루종MA1,캡야구 모자,후드 티셔츠,,,,,,
309,20210603,댄디,8928,린넨,아메카지,체크,여름,아메리칸 캐주얼,와일드 브릭스,유니드가먼츠,테바,라퍼지스토어,지갑머니클립,벨트,셔츠블라우스,슬리퍼,코튼 팬츠,,,,,,,,,,
310,20211224,캐주얼,8923,데이트,레더,남친룩,얼죽코,체크,소개팅,와이드핏,겨울,댄디,퀄팩,쿠어,트래블,위더로드,토피,수아레,토트백,잡지무크지,겨울 싱글 코트,디지털,머플러,부츠,데님 팬츠,니트스웨터,
311,20210104,캐주얼,8913,겨울,캐주얼,어나더유스,트래블,리끌로우,앳 더 모먼트,커버낫,반스,목걸이펜던트,반소매 티셔츠,맨투맨스웨트셔츠,안경,트레이닝조거 팬츠,안경 소품,숏패딩숏헤비 아우터,캔버스단화,,,,,,,,
312,20210203,아메리칸 캐주얼,8912,캐주얼,로스코,라퍼지스토어,이스트팩,제로,블로퍼,캔버스단화,버킷사파리햇,웨이스트 백,트레이닝조거 팬츠,,,,,,,,,,,,,,
313,20210809,캐주얼,8895,모노톤,와이드핏,미니멀,레더,남친룩,스트라이프,여름,캐주얼,몬스터리퍼블릭,리,닥터마틴,라퍼지스토어,메신저크로스 백,캡야구 모자,슬리퍼,코튼 팬츠,,,,,,,,
314,20210217,골프,8881,캐주얼,옐로우스톤,발렌티노 루디,아디다스,필루미네이트,에코백,잡지무크지,쿼츠 아날로그,반려동물용품,캔버스단화,코튼 팬츠,맨투맨스웨트셔츠,,,,,,,,,,,,
315,20211011,댄디,8822,편안한,컬러블록,원마일웨어,로고플레이,가을,캐주얼,아디다스,파르티멘토,1993스튜디오,소니,디파이클럽로버스,패션스니커즈화,반소매 티셔츠,기타 아우터,기타 상의,헤드폰,케이스슬리브,트레이닝조거 팬츠,,,,,,
317,20210916,캐주얼,8818,레터링,캠퍼스,와이드핏,핀턱,에코,키높이,가을,캐주얼,파르티멘토,라퍼지스토어,컨버스,리,지샥,팔렛,반소매 티셔츠,기타 아우터,에코백,디지털,맨투맨스웨트셔츠,,,,,
320,20210511,댄디,8743,봄,댄디,닥터마틴,랩12,엘무드,일꼬르소,헤지스 맨 액세서리,구두,셔츠블라우스,피케카라 티셔츠,안경,토트백,지갑머니클립,,,,,,,,,,,
323,20210914,캐주얼,8654,뉴트럴톤,로고플레이,페이즐리,꾸안꾸,가을,캐주얼,컨버스,마스카,칼하트,스노우피크 어패럴,이벳필드,캔버스단화,안경,메신저크로스 백,버킷사파리햇,맨투맨스웨트셔츠,,,,,,,,
327,20211217,캐주얼,8593,핀턱,출근룩,글로시,미니멀,겨울,포멀,레테르코모,러프넥,로우로우,라퍼지스토어,어널러코드,후드 티셔츠,베스트,구두,머플러,브리프케이스,셔츠블라우스,,,,,,,
328,20211001,포멀,8592,미니멀,남친룩,오버핏,레더,데이트,가을,댄디,테이크이지,이오유스튜디오,로스트가든,피스워커,프록시엘,라퍼지스토어,반소매 티셔츠,니트스웨터,목걸이펜던트,부츠,데님 팬츠,브리프케이스,,,,,
329,20210128,캐주얼,8578,캐주얼,커버낫,라퍼지스토어,나이키,라츠,스누지,반소매 티셔츠,숏패딩숏헤비 아우터,보드화,데님 팬츠,양말,,,,,,,,,,,,,
330,20210824,스트릿,8571,벌룬핏,꾸안꾸,로고플레이,여름,캐주얼,요몬,시그니처,지프,반스,케이튼,메신저크로스 백,기타 컬처,코튼 팬츠,안경,맨투맨스웨트셔츠,캔버스단화,캡야구 모자,,,,,,,
332,20210127,캐주얼,8563,겨울,포멀,피렌체 아뜨리에,토마스모어,엘무드,커스텀멜로우,브아빗,구두,반소매 티셔츠,벨트,슈트 팬츠슬랙스,,,,,,,,,,,,,
333,20210210,캐주얼,8531,캐주얼,알파 인더스트리,아디다스,예일,블루종MA1,버킷사파리햇,캡야구 모자,패션스니커즈화,트레이닝조거 팬츠,안경 소품,액자포스터,후드 티셔츠,,,,,,,,,,,,
335,20210226,포멀,8493,댄디,제멋,드로우핏,브랜즈,로파이,시그니처,라퍼지스토어,반소매 티셔츠,긴소매 티셔츠,메신저크로스 백,캔버스단화,슈트 팬츠슬랙스,안경 소품,베스트,,,,,,,,,,
337,20211117,캐주얼,8487,플리스,캠퍼스,꾸안꾸,와이드핏,리버서블,가을,캐주얼,에잇세컨즈,오더아카이브,예일,반스,베지터블테이블,파르티멘토,백팩,기타 컬처,데님 팬츠,안경 소품,후드 티셔츠,캔버스단화,미니 원피스,비니,숏패딩숏헤비 아우터,,
340,20210520,댄디,8442,그래픽,봄,캐주얼,어나더유스,미나브,이벳필드,마샬,리복,목걸이펜던트,슈트 팬츠슬랙스,반소매 티셔츠,헤드폰,패션스니커즈화,,,,,,,,,,,
341,20210625,캐주얼,8426,캠퍼스,와이드핏,로고플레이,여름,캐주얼,푸마,커버낫,엠엘비,비슬로우,와릿이즌,패션스니커즈화,메신저크로스 백,캡야구 모자,데님 팬츠,반소매 티셔츠,,,,,,,,,
342,20210715,캐주얼,8395,격식,출근룩,단정한,여름,포멀,콘스페로,로스트가든,세미콜론 아이웨어,제멋,수아레,브리프케이스,구두,안경,반소매 티셔츠,코튼 팬츠,,,,,,,,,
343,20211123,캐주얼,8392,원마일웨어,로고플레이,코듀로이,키높이,캠퍼스,가을,캐주얼,멜란지 마스터,리,예일,세븐셀라,엠엘비,반소매 티셔츠,후드 집업,에코백,후드 티셔츠,트레이닝조거 팬츠,패션스니커즈화,안경,,,,,
344,20210414,댄디,8374,캐주얼,애끼,무신사 스탠다드,커버낫,하 아카이브,비슬로우,컨버스,팔찌,양말,반지,반소매 티셔츠,메신저크로스 백,숏 팬츠,,,,,,,,,,,
345,20210218,댄디,8360,댄디,꼼파뇨,위더로드,미나브,피스워커,사르토르 리사르투스,반소매 티셔츠,카디건,구두,로퍼,데님 팬츠,겨울 싱글 코트,장갑,,,,,,,,,,,
346,20210305,포멀,8349,캐주얼,니티드,라츠,에스이에스티,노베스타,스노우피크 어패럴,반소매 티셔츠,카디건,데님 팬츠,맨투맨스웨트셔츠,기타 신발,캡야구 모자,셔츠블라우스,,,,,,,,,,,
347,20210302,댄디,8320,봄,캐주얼,카시오,컨버스,모디파이드,애드오프,리,47브랜드,디지털,미니스커트,캔버스단화,기타 시계,슈트 팬츠슬랙스,안경 소품,맨투맨스웨트셔츠,캡야구 모자,,,,,,,,
348,20210927,캐주얼,8317,캠퍼스,편안한,원마일웨어,체크,핀턱,가을,캐주얼,에프씨이,제로,클럽액티비티,어텐션로우,2365,기키,백팩,기타 컬처,트레이닝조거 팬츠,후드 티셔츠,패션스니커즈화,케이스슬리브,,,,,
349,20210727,캐주얼,8300,오버핏,그래픽,에코,편안한,원마일웨어,와이드핏,여름,캐주얼,페넥,티떠블유엔,슈펜,수아레,로우로우,케이스슬리브,셔츠블라우스,반소매 티셔츠,숄더백,코튼 팬츠,슬리퍼,,,,,
350,20210427,캐주얼,8287,봄,캐주얼,플레이몬스터,노스페이스,브렌슨,나이키,커버낫,셔츠블라우스,백팩,기타 컬처,트레이닝조거 팬츠,패션스니커즈화,시계 용품,,,,,,,,,,,
352,20211108,캐주얼,8249,카고,로고플레이,유니크,힙합,레이어드룩,가을,스트릿,인차일드,노스페이스,와릿이즌,싱커루프,트레이닝조거 팬츠,숏패딩숏헤비 아우터,트루퍼,팔찌,후드 티셔츠,,,,,,,,
353,20210107,댄디,8247,겨울,스트릿,프로스펙스,파르티멘토,듀테로,오버도스,노스페이스,숏패딩숏헤비 아우터,후드 티셔츠,트레이닝조거 팬츠,캡야구 모자,,,,,,,,,,,,,
354,20210621,캐주얼,8234,그래픽,컬러포인트,꾸안꾸,와이드핏,여름,캐주얼,카멜워크,아디다스,토피,피그앤헨,리,셔츠블라우스,반소매 티셔츠,패션스니커즈화,데님 팬츠,팔찌,캡야구 모자,,,,,,,
360,20210730,캐주얼,35754,로고플레이,편안한,원마일웨어,와이드핏,여름,캐주얼,리,세미콜론 아이웨어,제로,반스,베지터블테이블,셔츠블라우스,반소매 티셔츠,안경,트레이닝조거 팬츠,캔버스단화,캡야구 모자,,,,,,,
361,20210203,캐주얼,33412,봄,스트릿,제로,월간,라퍼지스토어,키치오브제,블론드나인,47브랜드,트레이닝조거 팬츠,액자포스터,목걸이펜던트,레더라이더스 재킷,캔버스단화,니트스웨터,캡야구 모자,,,,,,,,,
362,20210223,포멀,31120,봄,캐주얼,라퍼지스토어,다이아몬드 레이라,나이키,엠프렌즈,모티패스트,이에스엔,안경 소품,디퓨저캔들,반소매 티셔츠,셔츠블라우스,패션스니커즈화,케이스슬리브,캡야구 모자,레더라이더스 재킷,맨투맨스웨트셔츠,,,,,,,
364,20210430,댄디,27240,봄,댄디,후러브스아트,발렌티노 루디,오니츠카타이거,예일,오버다인,슈트 팬츠슬랙스,안경 소품,쿼츠 아날로그,반려동물용품,미디스커트,반소매 티셔츠,메신저크로스 백,,,,,,,,,,
365,20210223,캐주얼,22327,봄,캐주얼,카시오,코닥,제로,와릿이즌,뉴발란스,커버낫,디지털,미니스커트,캡야구 모자,트레이닝조거 팬츠,,,,,,,,,,,,
367,20210329,아메리칸 캐주얼,19811,봄,캐주얼,본챔스,제로,와릿이즌,나이키,레인스,캡야구 모자,트레이닝조거 팬츠,안경 소품,반소매 티셔츠,긴소매 티셔츠,후드 집업,패션스니커즈화,메신저크로스 백,,,,,,,,,
369,20210915,캐주얼,19113,원마일웨어,로고플레이,가을,캐주얼,로커드,자브라,엘에이알,타입서비스,토피,트레이닝조거 팬츠,안경 소품,이어폰,패션스니커즈화,맨투맨스웨트셔츠,후드 집업,,,,,,,,,
370,20210831,스트릿,18677,꾸안꾸,남친룩,핀턱,캠퍼스,와이드핏,여름,캐주얼,브래디백,와일드 브릭스,라퍼지스토어,닥터마틴,메신저크로스 백,잡지무크지,팔찌,맨투맨스웨트셔츠,구두,,,,,,,,
371,20210302,캐주얼,18610,봄,캐주얼,제멋,화이트블럭,엠엠엘지,어널러코드,뉴발란스,예일,블루종MA1,케이스슬리브,반소매 티셔츠,트레이닝조거 팬츠,캡야구 모자,,,,,,,,,,,
372,20210504,캐주얼,18417,봄,캐주얼,파르티멘토,반스,벗딥,커버낫,목걸이펜던트,캔버스단화,메신저크로스 백,코튼 팬츠,반소매 티셔츠,,,,,,,,,,,,,
373,20211004,캐주얼,18288,오버핏,플리스,리버서블,편안한,원마일웨어,가을,캐주얼,프로스펙스,브렌슨,고다신,커버낫,주네시 스포츠 클럽,제멋,캔버스단화,트레이닝조거 팬츠,안경 소품,액자포스터,이어폰,플리스뽀글이,캡야구 모자,맨투맨스웨트셔츠,,,
374,20210915,캐주얼,17894,데이트,그래픽,레이어드룩,가을,댄디,엘무드,뮤지엄바이비컨,테이크이지,로스트가든,아르반,플랙,누깍,반소매 티셔츠,니트스웨터,안경,셔츠블라우스,부츠,블루종MA1,데님 팬츠,숄더백,,,,
375,20210324,캐주얼,17875,봄,댄디,모디파이드,반,락포트,수아레,슈트블레이저 재킷,기타 시계,메신저크로스 백,데님 팬츠,구두,셔츠블라우스,,,,,,,,,,,,
376,20210625,캐주얼,17477,원마일웨어,로고플레이,편안한,캠퍼스,모노톤,여름,캐주얼,제로,아디다스,엄브로,리,트레이닝조거 팬츠,액자포스터,슬리퍼,백팩,기타 컬처,캡야구 모자,반소매 티셔츠,,,,,,
377,20210927,캐주얼,16725,편안한,에코,캠퍼스,가을,캐주얼,어널러코드,지프,커버낫,리복,투엔티벅스,라퍼지스토어,트레이닝조거 팬츠,맨투맨스웨트셔츠,캡야구 모자,패션스니커즈화,에코백,사파리헌팅 재킷,,,,,,,
378,20211008,캐주얼,16242,와이드핏,체크,그래픽,지브라,편안한,원마일웨어,가을,캐주얼,제로,반스,미니멀프로젝트,엘엠씨,원헌드레드퍼센트,트레이닝조거 팬츠,캔버스단화,비니,맨투맨스웨트셔츠,,,,,,,
379,20211026,캐주얼,15884,레더,모노톤,데이트,슬림핏,가을,댄디,플랙,에이징씨씨씨,카시오,닉앤니콜 포 맨,로맨틱무브,드로우핏,데님 팬츠,안경 소품,액자포스터,레더라이더스 재킷,쿼츠 아날로그,토트백,부츠,니트스웨터,,,,
381,20210907,캐주얼,15661,아가일,모노톤,데이트,남친룩,가을,댄디,엘에이알,니티드,후러브스아트,까르벵 워치,쌤소나이트 레드,카디건,슈트 팬츠슬랙스,쿼츠 아날로그,토트백,,,,,,,,,
387,20211116,캐주얼,14609,핀턱,뉴트럴톤,레더,격식,출근룩,단정한,가을,포멀,라퍼지스토어,테이크이지,로스트가든,탄틴,아르반,로만손,겨울 싱글 코트,니트스웨터,구두,브리프케이스,셔츠블라우스,슈트 팬츠슬랙스,쿼츠 아날로그,,,
388,20210721,캐주얼,14183,편안한,캠퍼스,원마일웨어,로고플레이,여름,캐주얼,엠엠엘지,제로,캉골,칼하트,나이키,캡야구 모자,트레이닝조거 팬츠,백팩,반소매 티셔츠,패션스니커즈화,,,,,,,,
389,20210325,댄디,13994,캐주얼,네이키드니스,페플,반스,낫포너드,커버낫,메신저크로스 백,기타 컬처,트러커 재킷,비니,캔버스단화,트레이닝조거 팬츠,안경 소품,맨투맨스웨트셔츠,,,,,,,,,,
390,20211022,캐주얼,13983,키높이,워싱,레더,모노톤,SELFLOVE,셀럽템,가을,캐주얼,파르티멘토,컨버스,레더라이더스 재킷,숏패딩숏헤비 아우터,셔츠블라우스,캔버스단화,데님 팬츠,,,,,,,,,
392,20210921,캐주얼,13873,레이어드룩,캠퍼스,남친룩,꾸안꾸,로고플레이,와이드핏,가을,캐주얼,척,토피,컨버스,카시오,엠엠엘지,키뮤어,베스트,후드 집업,데님 팬츠,캔버스단화,디지털,백팩,,,,
394,20211123,댄디,13800,캠퍼스,레더,와이드핏,꾸안꾸,오버핏,콜라보,가을,캐주얼,컨버스,매스노운,마하그리드,라퍼지스토어,플랙,토마스모어,메신저크로스 백,캡야구 모자,맨투맨스웨트셔츠,데님 팬츠,숏패딩숏헤비 아우터,,,,,
395,20210702,캐주얼,13696,톤온톤,뉴트럴톤,캠퍼스,피크닉,와이드핏,오버핏,꾸안꾸,여름,캐주얼,벗딥,엠엠엘지,캐치볼,예일,반원 아틀리에,토트백,잡지무크지,캡야구 모자,캔버스단화,반소매 티셔츠,,,,,
396,20211110,캐주얼,13644,원마일웨어,로고플레이,한파,가을,캐주얼,골라 클래식,예일,로마네,브라운브레스,노스페이스,오닐,후드 티셔츠,케이스슬리브,트레이닝조거 팬츠,숏패딩숏헤비 아우터,메신저크로스 백,,,,,,,,
400,20210308,캐주얼,13188,봄,포멀,모디파이드,엘무드,조셉트,로우로우,에스피오나지,슈트블레이저 재킷,기타 시계,반소매 티셔츠,니트스웨터,구두,안경,셔츠블라우스,,,,,,,,,,
402,20211019,캐주얼,12901,꾸안꾸,남친룩,가을,캐주얼,리끌로우,반스,엄브로,세터,예일,안경,캔버스단화,메신저크로스 백,니트스웨터,숏패딩숏헤비 아우터,,,,,,,,,,
405,20210716,스포츠,12637,미니멀,남친룩,데이트,레더,여름,댄디,페이탈리즘,몬스터리퍼블릭,로스트가든,블론드나인,브렌슨,데님 팬츠,안경 소품,메신저크로스 백,안경,구두,베스트,반소매 티셔츠,,,,,,
408,20211004,포멀,12455,와이드핏,출근룩,단정한,미니멀,레더,가을,포멀,로맨틱무브,테이크이지,미나브,드로우핏,하이드아웃,구두,니트스웨터,슈트 팬츠슬랙스,토트백,겨울 싱글 코트,,,,,,,
409,20210913,아메리칸 캐주얼,12412,로고플레이,스트라이프,캠퍼스,레이어드룩,벌룬핏,가을,캐주얼,브래디백,아디다스,라모랭,이벳필드,예일,노드스튜디오,라퍼지스토어,메신저크로스 백,잡지무크지,패션스니커즈화,비니,맨투맨스웨트셔츠,셔츠블라우스,데님 팬츠,사파리헌팅 재킷,,
410,20210604,캐주얼,12330,레이어드룩,남친룩,여름,캐주얼,아코스튜디오스페이스,어반스터프,뉴발란스,리,라퍼지스토어,니트스웨터,데님 팬츠,에코백,,,,,,,,,,,,
411,20210531,댄디,12327,미니멀,루즈핏,봄,포멀,후러브스아트,집시,베드포드일레븐스,로얄런던시계,로맨틱무브,슈트 팬츠슬랙스,안경 소품,셔츠블라우스,반소매 티셔츠,백팩,쿼츠 아날로그,구두,로퍼,,,,,,,
412,20210906,캐주얼,12295,레터링,오버핏,편안한,원마일웨어,가을,캐주얼,페넥,골라 클래식,브렌슨,참스,엠엘비,지갑머니클립,트레이닝조거 팬츠,긴소매 티셔츠,캡야구 모자,,,,,,,,,
414,20210104,캐주얼,12259,겨울,캐주얼,티엔피,나이키,블론드나인,더블유브이프로젝트,비니,플리스뽀글이,패션스니커즈화,니트스웨터,트레이닝조거 팬츠,,,,,,,,,,,,,
415,20210316,캐주얼,12258,봄,캐주얼,핍스,제로,엄브로,메신저크로스 백,기타 컬처,트레이닝조거 팬츠,,,,,,,,,,,,,,,,
416,20211104,캐주얼,12203,와이드핏,플리스,리버서블,레터링,편안한,원마일웨어,가을,캐주얼,저스트크래프트,제로,커버낫,티떠블유엔,카비시,리끌로우,패션스니커즈화,트레이닝조거 팬츠,플리스뽀글이,맨투맨스웨트셔츠,비니,머플러,,,,
417,20210309,포멀,12158,캐주얼,파르티멘토,쏘로굿,엘리오티,커버낫,플랙,트러커 재킷,기타 모자,부츠,헌팅캡베레모,기타 컬처,데님 팬츠,,,,,,,,,,,,
420,20210224,캐주얼,11541,봄,캐주얼,유니폼브릿지,뉴발란스,커버낫,안경 소품,백팩,맨투맨스웨트셔츠,,,,,,,,,,,,,,,,
421,20210604,캐주얼,11430,체크,프레피룩,레이어드룩,피크닉,여름,캐주얼,컨버스,브래디백,리,후아유,비욘드클로젯,캔버스단화,메신저크로스 백,잡지무크지,숏 팬츠,피케카라 티셔츠,베스트,,,,,,,
422,20211006,캐주얼,11316,셋업코디,출근룩,단정한,격식,미니멀,가을,포멀,마노모스,닥터마틴,라퍼지스토어,수아레,안경,구두,셔츠블라우스,,,,,,,,,,
423,20210824,캐주얼,11152,애슬레저룩,스포티,로고플레이,컬러블록,여름,스포츠,나이키,킨토,엄브로,숏 팬츠,선글라스,디퓨저캔들,보스턴드럼더플백,기타 컬처,패션스니커즈화,키친,텀블러,,,,,,,
425,20210908,캐주얼,11075,오버핏,워싱,캠퍼스,꾸안꾸,레이어드룩,남친룩,가을,캐주얼,제이반스 클래식,커버낫,페이탈리즘,나이키,팔찌,백팩,데님 팬츠,기타 스니커즈,셔츠블라우스,,,,,,,
426,20210520,캐주얼,11070,꾸안꾸,올블랙,로고플레이,봄,캐주얼,와릿이즌,나이키,파츠,제이반스 클래식,호카오네오네,메인부스,셔츠블라우스,반소매 티셔츠,캡야구 모자,팔찌,벨트,,,,,,,,
428,20210917,캐주얼,10942,캠퍼스,꾸안꾸,워싱,로고플레이,메쉬,가을,캐주얼,올리버커스텀,와릿이즌,코드그라피,그라미치,플랙,디스이즈네버댓,캔버스단화,백팩,블루종MA1,캡야구 모자,데님 팬츠,,,,,,
429,20210312,댄디,10911,봄,캐주얼,캉골,퍼블릭아이콘,디스이즈네버댓,루킹포유,커버낫,메신저크로스 백,기타 컬처,데님 팬츠,안경 소품,헌팅캡베레모,캔버스단화,안경,맨투맨스웨트셔츠,,,,,,,,,
431,20210122,댄디,10794,댄디,세컨모놀로그,도프제이슨,후러브스아트,토르소,어나더브릿지,피렌체 아뜨리에,반소매 티셔츠,맨투맨스웨트셔츠,무스탕퍼,슈트 팬츠슬랙스,쿼츠 아날로그,안경,부츠,,,,,,,,,,
432,20210308,캐주얼,10770,포멀,무신사 스탠다드,로우로우,손신발,반소매 티셔츠,셔츠블라우스,안경,슈트 팬츠슬랙스,안경 소품,디퓨저캔들,슈트블레이저 재킷,기타 시계,버킷사파리햇,구두,로퍼,니트스웨터,,,,,,,,
433,20211108,캐주얼,10704,스웨이드,데이트,슬림핏,남친룩,가을,댄디,모드나인,씨엘론다,닥터마틴,블론드나인,도프제이슨,안데르센 안데르센,데님 팬츠,안경 소품,안경,부츠,기타 스니커즈,니트스웨터,무스탕퍼,머플러,,,,
434,20210917,캐주얼,10700,미니멀,남친룩,데이트,레더,레이어드룩,가을,포멀,비에스큐티바이클래시,후러브스아트,라퍼지스토어,캘빈클라인 진,르네 하우윈,유니폼브릿지,블론드나인,부츠,기타 스니커즈,슈트 팬츠슬랙스,안경 소품,디지털,클러치 백,안경,베스트,,
436,20210312,캐주얼,10623,봄,캐주얼,유니폼브릿지,커버낫,캡야구 모자,에코백,코튼 팬츠,캔버스단화,맨투맨스웨트셔츠,,,,,,,,,,,,,,,
437,20210225,캐주얼,10510,봄,캐주얼,유니폼브릿지,예일,엠엘비,컨버스,렉켄,안경 소품,액자포스터,웨이스트 백,캔버스단화,,,,,,,,,,,,,
439,20210611,캐주얼,10452,남친룩,스트라이프,로고플레이,모노톤,꾸안꾸,여름,캐주얼,리,닥터마틴,와릿이즌,엑스톤즈,셔츠블라우스,반소매 티셔츠,샌들,숄더백,데님 팬츠,,,,,,,,
444,20211012,포멀,10219,와펜,캠퍼스,핀턱,플리스,가을,캐주얼,와릿이즌,라퍼지스토어,나이키,반소매 티셔츠,캡야구 모자,셔츠블라우스,,,,,,,,,,,,
447,20210208,캐주얼,9988,봄,포멀,무신사 스탠다드,겨울 싱글 코트,디지털,페도라,반소매 티셔츠,카디건,벨트,니트스웨터,캔버스단화,슈트 팬츠슬랙스,안경 소품,토이,,,,,,,,,,
449,20210714,캐주얼,9941,오버핏,벌룬핏,시티보이룩,로고플레이,여름,캐주얼,트래블,라퍼지스토어,셔츠블라우스,메신저크로스 백,,,,,,,,,,,,,,
452,20211026,캐주얼,9842,로고플레이,컬러포인트,편안한,원마일웨어,플리스,비비드,가을,캐주얼,기키,아식스,코닥,플레인브랜드,마하그리드,가까이 유니언즈,케이스슬리브,패션스니커즈화,안경,후드 티셔츠,트레이닝조거 팬츠,,,,,
453,20211108,캐주얼,9764,미니멀,오버핏,데이트,남친룩,가을,댄디,쿠어,파르티멘토,피렌체 아뜨리에,토트백,비니,카디건,니트스웨터,데님 팬츠,구두,,,,,,,,,
454,20210929,댄디,9723,컬러포인트,남친룩,꾸안꾸,캠퍼스,워싱,가을,캐주얼,피스메이커,후아유,퀄리티 퍼포먼스,플랙,푸마,라퍼지스토어,비니,메신저크로스 백,반소매 티셔츠,긴소매 티셔츠,데님 팬츠,캔버스단화,카디건,기타 시계,사파리헌팅 재킷,,
455,20210729,댄디,9633,모노톤,단정한,남친룩,레더,데이트,여름,댄디,페플,엠엠지엘,리끌로우,레인메이커,인템포무드,어반드레스,셔츠블라우스,반소매 티셔츠,슬리퍼,안경,골프가방,숏 팬츠,베스트,,,,
457,20211112,캐주얼,9587,워싱,미니멀,남친룩,데이트,얼죽코,셀럽템,SELFLOVE,가을,댄디,인사일런스,모드나인,비엔베투,나이키,밈더워드로브,환절기 코트,데님 팬츠,목걸이펜던트,맨투맨스웨트셔츠,메신저크로스 백,,,,,
459,20211224,캐주얼,9564,남친룩,레더,데이트,테이퍼드핏,오버핏,소개팅,스티치,겨울,댄디,쿠어,에스에스알엘,플랙,유니폼브릿지,슈마커,예일,니트스웨터,메신저크로스 백,데님 팬츠,숏패딩숏헤비 아우터,캔버스단화,머플러,,,
460,20211123,아메리칸 캐주얼,9531,레이어드룩,레더,남친룩,데이트,뉴트럴톤,소개팅,가을,댄디,블루엘리펀트,수아레,파인드카푸어,토마스모어,시그니처,컬러콜라,라퍼지스토어,안경,니트스웨터,숄더백,슈트 팬츠슬랙스,부츠,,,,
462,20210528,캐주얼,9504,찢청,로고플레이,봄,캐주얼,겐지,문수권세컨,피그앤헨,에이카화이트,뉴발란스,선글라스,데님 팬츠,안경 소품,팔찌,반소매 티셔츠,,,,,,,,,,
463,20210901,캐주얼,9483,톤온톤,남친룩,데이트,미니멀,가을,댄디,엘무드,마리떼,하이파이펑크,커스텀에이드,로이드,헤지스 맨 액세서리,반소매 티셔츠,카디건,셔츠블라우스,슈트 팬츠슬랙스,기타 스니커즈,쿼츠 아날로그,토트백,,,,,
465,20210415,캐주얼,9465,캐주얼,라모랭,에이징씨씨씨,나이키,스트리트 스탠다드,비니,팔찌,맨투맨스웨트셔츠,기타 스니커즈,코튼 팬츠,,,,,,,,,,,,,,
468,20210222,스포츠,9401,캐주얼,제이다울,슬로코스터,유니폼브릿지,필루미네이트,캔버스단화,메신저크로스 백,맨투맨스웨트셔츠,데님 팬츠,안경,셔츠블라우스,,,,,,,,,,,,,
471,20211104,캐주얼,9341,스트라이프,로고플레이,꾸안꾸,남친룩,캠퍼스,가을,캐주얼,아영상사,바스틱,비디알,반스,예일,리,데님 팬츠,안경 소품,긴소매 티셔츠,셔츠블라우스,캔버스단화,숏패딩숏헤비 아우터,숄더백,,,,
472,20210922,캐주얼,9340,편안한,로고플레이,가을,스포츠,브룩스,나이키,론즈데일,반소매 티셔츠,보스턴드럼더플백,,,,,,,,,,,,,,,
474,20210415,캐주얼,9262,봄,캐주얼,커버낫,앤투마스,제멋,캐치볼,메신저크로스 백,맨투맨스웨트셔츠,캡야구 모자,미디스커트,볼캡,데님 팬츠,캔버스단화,,,,,,,,,,,
475,20211007,스포츠,9254,모노톤,로고플레이,편안한,원마일웨어,가을,캐주얼,디폴트벨류,제로,커버낫,와릿이즌,꼼파뇨,휠라,캡야구 모자,트레이닝조거 팬츠,안경 소품,맨투맨스웨트셔츠,파우치 백,후드 집업,패션스니커즈화,,,,,
476,20211018,포멀,9223,로고플레이,편안한,애슬레저룩,플리스,가을,스포츠,나이키,어더스,엠비치오넴,소니,아디다스,엄브로,반소매 티셔츠,맨투맨스웨트셔츠,보스턴드럼더플백,이어폰,트레이닝조거 팬츠,안경 소품,액자포스터,플리스뽀글이,,,,
478,20211029,캐주얼,9189,편안한,원마일웨어,레터링,플리스,가을,캐주얼,제너,디프리크,후아유,리트리버클럽,디써티원,슈마커,메신저크로스 백,트레이닝조거 팬츠,맨투맨스웨트셔츠,캡야구 모자,캔버스단화,,,,,,,
481,20210917,스트릿,9156,그래픽,편안한,원마일웨어,에코,가을,캐주얼,언폴드,크럼프,비바스튜디오,어나더브릿지,나이키,에코백,잡지무크지,트레이닝조거 팬츠,안경 소품,맨투맨스웨트셔츠,안경,패션스니커즈화,,,,,,
482,20210913,댄디,9147,로고플레이,워싱,오버핏,캠퍼스,메쉬,키높이,가을,캐주얼,질스튜어트 스포츠 뉴욕,라퍼지스토어,와릿이즌,리,플랙,맨투맨스웨트셔츠,캡야구 모자,백팩,데님 팬츠,,,,,,,
483,20210104,캐주얼,9117,겨울,캐주얼,바이시클트로피,컨버스,아웃스탠딩,예일,후아유,팔찌,캔버스단화,트레이닝조거 팬츠,맨투맨스웨트셔츠,캡야구 모자,,,,,,,,,,,,
485,20210720,캐주얼,9004,그래픽,꾸안꾸,캠퍼스,모노톤,여름,캐주얼,디스이즈네버댓,트래블,라퍼지스토어,프리즘웍스,백팩,기타 컬처,반소매 티셔츠,코튼 팬츠,캡야구 모자,,,,,,,,,
486,20210302,캐주얼,8991,봄,댄디,데이빗스톤,엑스피어,모드나인,캘빈클라인,슬로우스탠다드,로파이,구두,벨트,데님 팬츠,쿼츠 아날로그,니트스웨터,레더라이더스 재킷,,,,,,,,,,
488,20210916,캐주얼,8943,레터링,편안한,원마일웨어,셋업코디,키높이,비,가을,캐주얼,어라운드투비,파라체이스,코드그라피,루오에스팩,메신저크로스 백,기타 컬처,우산,블루종MA1,캡야구 모자,후드 티셔츠,,,,,,
489,20210603,캐주얼,8929,린넨,아메카지,체크,여름,아메리칸 캐주얼,와일드 브릭스,유니드가먼츠,테바,라퍼지스토어,지갑머니클립,벨트,셔츠블라우스,슬리퍼,코튼 팬츠,,,,,,,,,,
490,20211224,캐주얼,8924,데이트,레더,남친룩,얼죽코,체크,소개팅,와이드핏,겨울,댄디,퀄팩,쿠어,트래블,위더로드,토피,수아레,토트백,잡지무크지,겨울 싱글 코트,디지털,머플러,부츠,데님 팬츠,니트스웨터,
491,20210104,포멀,8914,겨울,캐주얼,어나더유스,트래블,리끌로우,앳 더 모먼트,커버낫,반스,목걸이펜던트,반소매 티셔츠,맨투맨스웨트셔츠,안경,트레이닝조거 팬츠,안경 소품,숏패딩숏헤비 아우터,캔버스단화,,,,,,,,
492,20210203,캐주얼,8913,캐주얼,로스코,라퍼지스토어,이스트팩,제로,블로퍼,캔버스단화,버킷사파리햇,웨이스트 백,트레이닝조거 팬츠,,,,,,,,,,,,,,
493,20210809,캐주얼,8896,모노톤,와이드핏,미니멀,레더,남친룩,스트라이프,여름,캐주얼,몬스터리퍼블릭,리,닥터마틴,라퍼지스토어,메신저크로스 백,캡야구 모자,슬리퍼,코튼 팬츠,,,,,,,,
494,20210217,아메리칸 캐주얼,8882,캐주얼,옐로우스톤,발렌티노 루디,아디다스,필루미네이트,에코백,잡지무크지,쿼츠 아날로그,반려동물용품,캔버스단화,코튼 팬츠,맨투맨스웨트셔츠,,,,,,,,,,,,
495,20211011,포멀,8823,편안한,컬러블록,원마일웨어,로고플레이,가을,캐주얼,아디다스,파르티멘토,1993스튜디오,소니,디파이클럽로버스,패션스니커즈화,반소매 티셔츠,기타 아우터,기타 상의,헤드폰,케이스슬리브,트레이닝조거 팬츠,,,,,,
497,20210916,스포츠,8819,레터링,캠퍼스,와이드핏,핀턱,에코,키높이,가을,캐주얼,파르티멘토,라퍼지스토어,컨버스,리,지샥,팔렛,반소매 티셔츠,기타 아우터,에코백,디지털,맨투맨스웨트셔츠,,,,,
500,20210511,스트릿,8744,봄,댄디,닥터마틴,랩12,엘무드,일꼬르소,헤지스 맨 액세서리,구두,셔츠블라우스,피케카라 티셔츠,안경,토트백,지갑머니클립,,,,,,,,,,,
503,20210914,아메리칸 캐주얼,8655,뉴트럴톤,로고플레이,페이즐리,꾸안꾸,가을,캐주얼,컨버스,마스카,칼하트,스노우피크 어패럴,이벳필드,캔버스단화,안경,메신저크로스 백,버킷사파리햇,맨투맨스웨트셔츠,,,,,,,,
507,20211217,캐주얼,8594,핀턱,출근룩,글로시,미니멀,겨울,포멀,레테르코모,러프넥,로우로우,라퍼지스토어,어널러코드,후드 티셔츠,베스트,구두,머플러,브리프케이스,셔츠블라우스,,,,,,,
508,20211001,댄디,8593,미니멀,남친룩,오버핏,레더,데이트,가을,댄디,테이크이지,이오유스튜디오,로스트가든,피스워커,프록시엘,라퍼지스토어,반소매 티셔츠,니트스웨터,목걸이펜던트,부츠,데님 팬츠,브리프케이스,,,,,
509,20210128,캐주얼,8579,캐주얼,커버낫,라퍼지스토어,나이키,라츠,스누지,반소매 티셔츠,숏패딩숏헤비 아우터,보드화,데님 팬츠,양말,,,,,,,,,,,,,
510,20210824,캐주얼,8572,벌룬핏,꾸안꾸,로고플레이,여름,캐주얼,요몬,시그니처,지프,반스,케이튼,메신저크로스 백,기타 컬처,코튼 팬츠,안경,맨투맨스웨트셔츠,캔버스단화,캡야구 모자,,,,,,,
512,20210127,캐주얼,8564,겨울,포멀,피렌체 아뜨리에,토마스모어,엘무드,커스텀멜로우,브아빗,구두,반소매 티셔츠,벨트,슈트 팬츠슬랙스,,,,,,,,,,,,,
513,20210210,아메리칸 캐주얼,8532,캐주얼,알파 인더스트리,아디다스,예일,블루종MA1,버킷사파리햇,캡야구 모자,패션스니커즈화,트레이닝조거 팬츠,안경 소품,액자포스터,후드 티셔츠,,,,,,,,,,,,
515,20210226,스포츠,8494,댄디,제멋,드로우핏,브랜즈,로파이,시그니처,라퍼지스토어,반소매 티셔츠,긴소매 티셔츠,메신저크로스 백,캔버스단화,슈트 팬츠슬랙스,안경 소품,베스트,,,,,,,,,,
517,20211117,캐주얼,8488,플리스,캠퍼스,꾸안꾸,와이드핏,리버서블,가을,캐주얼,에잇세컨즈,오더아카이브,예일,반스,베지터블테이블,파르티멘토,백팩,기타 컬처,데님 팬츠,안경 소품,후드 티셔츠,캔버스단화,미니 원피스,비니,숏패딩숏헤비 아우터,,
520,20210520,댄디,8443,그래픽,봄,캐주얼,어나더유스,미나브,이벳필드,마샬,리복,목걸이펜던트,슈트 팬츠슬랙스,반소매 티셔츠,헤드폰,패션스니커즈화,,,,,,,,,,,
521,20210625,캐주얼,8427,캠퍼스,와이드핏,로고플레이,여름,캐주얼,푸마,커버낫,엠엘비,비슬로우,와릿이즌,패션스니커즈화,메신저크로스 백,캡야구 모자,데님 팬츠,반소매 티셔츠,,,,,,,,,
522,20210715,캐주얼,8396,격식,출근룩,단정한,여름,포멀,콘스페로,로스트가든,세미콜론 아이웨어,제멋,수아레,브리프케이스,구두,안경,반소매 티셔츠,코튼 팬츠,,,,,,,,,
523,20211123,아메리칸 캐주얼,8393,원마일웨어,로고플레이,코듀로이,키높이,캠퍼스,가을,캐주얼,멜란지 마스터,리,예일,세븐셀라,엠엘비,반소매 티셔츠,후드 집업,에코백,후드 티셔츠,트레이닝조거 팬츠,패션스니커즈화,안경,,,,,
524,20210414,스포츠,8375,캐주얼,애끼,무신사 스탠다드,커버낫,하 아카이브,비슬로우,컨버스,팔찌,양말,반지,반소매 티셔츠,메신저크로스 백,숏 팬츠,,,,,,,,,,,
525,20210218,스포츠,8361,댄디,꼼파뇨,위더로드,미나브,피스워커,사르토르 리사르투스,반소매 티셔츠,카디건,구두,로퍼,데님 팬츠,겨울 싱글 코트,장갑,,,,,,,,,,,
526,20210305,댄디,8350,캐주얼,니티드,라츠,에스이에스티,노베스타,스노우피크 어패럴,반소매 티셔츠,카디건,데님 팬츠,맨투맨스웨트셔츠,기타 신발,캡야구 모자,셔츠블라우스,,,,,,,,,,,
527,20210302,포멀,8321,봄,캐주얼,카시오,컨버스,모디파이드,애드오프,리,47브랜드,디지털,미니스커트,캔버스단화,기타 시계,슈트 팬츠슬랙스,안경 소품,맨투맨스웨트셔츠,캡야구 모자,,,,,,,,
528,20210927,캐주얼,8318,캠퍼스,편안한,원마일웨어,체크,핀턱,가을,캐주얼,에프씨이,제로,클럽액티비티,어텐션로우,2365,기키,백팩,기타 컬처,트레이닝조거 팬츠,후드 티셔츠,패션스니커즈화,케이스슬리브,,,,,
529,20210727,캐주얼,8301,오버핏,그래픽,에코,편안한,원마일웨어,와이드핏,여름,캐주얼,페넥,티떠블유엔,슈펜,수아레,로우로우,케이스슬리브,셔츠블라우스,반소매 티셔츠,숄더백,코튼 팬츠,슬리퍼,,,,,
530,20210427,캐주얼,8288,봄,캐주얼,플레이몬스터,노스페이스,브렌슨,나이키,커버낫,셔츠블라우스,백팩,기타 컬처,트레이닝조거 팬츠,패션스니커즈화,시계 용품,,,,,,,,,,,
532,20211108,캐주얼,8250,카고,로고플레이,유니크,힙합,레이어드룩,가을,스트릿,인차일드,노스페이스,와릿이즌,싱커루프,트레이닝조거 팬츠,숏패딩숏헤비 아우터,트루퍼,팔찌,후드 티셔츠,,,,,,,,
533,20210107,아메리칸 캐주얼,8248,겨울,스트릿,프로스펙스,파르티멘토,듀테로,오버도스,노스페이스,숏패딩숏헤비 아우터,후드 티셔츠,트레이닝조거 팬츠,캡야구 모자,,,,,,,,,,,,,
534,20210621,스포츠,8235,그래픽,컬러포인트,꾸안꾸,와이드핏,여름,캐주얼,카멜워크,아디다스,토피,피그앤헨,리,셔츠블라우스,반소매 티셔츠,패션스니커즈화,데님 팬츠,팔찌,캡야구 모자,,,,,,,
540,20210406,캐주얼,8096,봄,캐주얼,컨버스,유니폼브릿지,골라,엘엠씨,커버낫,캔버스단화,안경 소품,캡야구 모자,에코백,맨투맨스웨트셔츠,,,,,,,,,,,,
542,20210430,캐주얼,8055,봄,캐주얼,커버낫,이피티,캔버스단화,백팩,양말,,,,,,,,,,,,,,,,,
544,20211012,스트릿,8022,편안한,원마일웨어,컬러블록,캠퍼스,플리스,가을,캐주얼,와릿이즌,나이키,안경 소품,양말,백팩,패션스니커즈화,,,,,,,,,,,
546,20211014,스포츠,8008,모노톤,로고플레이,오버핏,컬러블록,셀럽템,가을,스트릿,엠엘비,블랙 퍼플,기타 신발,목걸이펜던트,버킷사파리햇,,,,,,,,,,,,
547,20211112,캐주얼,8000,편안한,플리스,셋업코디,원마일웨어,오버핏,뉴트럴톤,컬러포인트,가을,캐주얼,티엔피,바운더리,코닥,에프씨엠엠,푸마,비니,트레이닝조거 팬츠,메신저크로스 백,플리스뽀글이,캔버스단화,,,,,
548,20210728,캐주얼,7993,카고,와이드핏,남친룩,꾸안꾸,여름,캐주얼,돔바,브래디백,긱타아이웨어,와릿이즌,카고브로스,레테르코모,메신저크로스 백,잡지무크지,안경,숏 팬츠,베스트,,,,,,,
551,20210129,댄디,7960,겨울,캐주얼,와일드 브릭스,리,반스,친다운,사운즈라이프,예일,캡야구 모자,숄더백,잡지무크지,캔버스단화,후드 티셔츠,,,,,,,,,,,
552,20210916,캐주얼,7939,편안한,원마일웨어,캠퍼스,가을,캐주얼,게인스보로,제로,코드그라피,수페르가,잔스포츠,반소매 티셔츠,맨투맨스웨트셔츠,트레이닝조거 팬츠,안경 소품,캔버스단화,백팩,안경,,,,,,,
553,20210222,스포츠,7923,캐주얼,비바스튜디오,안경 소품,목걸이펜던트,맨투맨스웨트셔츠,토트백,,,,,,,,,,,,,,,,,,
554,20211115,댄디,7893,핀턱,출근룩,오버핏,와이드핏,모노톤,스웨이드,가을,포멀,탄틴,테이크이지,로맨틱무브,브아빗,쿠어,크리스챤모드,브리프케이스,니트스웨터,부츠,슈트 팬츠슬랙스,겨울 더블 코트,쿼츠 아날로그,,,,
555,20210929,댄디,7869,로고플레이,핀턱,와이드핏,꾸안꾸,캠퍼스,가을,캐주얼,엠엠엘지,제멋,그라미치,비슬로우,휠라,반소매 티셔츠,후드 티셔츠,블루종MA1,메신저크로스 백,데님 팬츠,캔버스단화,,,,,,
558,20210226,아메리칸 캐주얼,7853,봄,캐주얼,멜릭,컨버스,모디파이드,어반디타입,카시오,마인드브릿지,숄더백,잡지무크지,캔버스단화,데님 팬츠,니트스웨터,쿼츠 아날로그,트러커 재킷,,,,,,,,,
559,20210115,댄디,7834,겨울,포멀,무신사 스탠다드,슈트 팬츠슬랙스,안경 소품,디퓨저캔들,벨트,슈트블레이저 재킷,기타 시계,버킷사파리햇,반소매 티셔츠,니트스웨터,샌들,캔버스단화,롱패딩롱헤비 아우터,디지털,양말,,,,,,,
560,20210707,캐주얼,7816,톤온톤,편안한,원마일웨어,와이드핏,로고플레이,린넨,여름,캐주얼,그루브라임,내셔널지오그래픽,디스이즈네버댓,골스튜디오,라퍼지스토어,캡야구 모자,셔츠블라우스,에코백,코튼 팬츠,,,,,,,
561,20210611,캐주얼,7813,미니멀,아메카지,뉴트럴톤,벌룬핏,여름,아메리칸 캐주얼,로우로우,한글안경,유니폼브릿지,커버낫,미니멀프로젝트,메신저크로스 백,기타 컬처,안경,코튼 팬츠,샌들,반소매 티셔츠,,,,,,,
563,20210928,댄디,7811,레더,단정한,남친룩,미니멀,데이트,와이드핏,핀턱,가을,댄디,내셔널 퍼블리시티,리트,비에스큐티바이클래시,라퍼지스토어,마하그리드,일꼬르소,클러치 백,슈트 팬츠슬랙스,안경 소품,부츠,레더라이더스 재킷,목걸이펜던트,니트스웨터,,
564,20211018,댄디,7800,셋업코디,원마일웨어,로고플레이,가을,캐주얼,커버낫,게인스보로,브리츠,숏패딩숏헤비 아우터,후드 티셔츠,헤드폰,,,,,,,,,,,,,
565,20211104,포멀,7793,로고플레이,편안한,원마일웨어,캠퍼스,가을,캐주얼,마하그리드,오니츠카타이거,케이투,티떠블유엔,뉴발란스,데상트,비니,숏패딩숏헤비 아우터,후드 티셔츠,웨이스트 백,,,,,,,,
567,20210401,캐주얼,7775,캐주얼,반스,커버낫,캔버스단화,메신저크로스 백,잡지무크지,코튼 팬츠,맨투맨스웨트셔츠,,,,,,,,,,,,,,,,
568,20210730,댄디,7761,스트라이프,캠퍼스,꾸안꾸,여름,캐주얼,브렌슨,색 스튜디오,오버다인,커버낫,세미콜론 아이웨어,트레이닝조거 팬츠,안경 소품,액자포스터,셔츠블라우스,반소매 티셔츠,메신저크로스 백,캔버스단화,안경,,,,,,
569,20211022,캐주얼,7735,캠퍼스,레터링,와이드핏,SELFLOVE,셀럽템,가을,캐주얼,반스,예일,캔버스단화,셔츠블라우스,코튼 팬츠,,,,,,,,,,,,
570,20211022,캐주얼,7733,편안한,키높이,레더,SELFLOVE,셀럽템,가을,캐주얼,와릿이즌,컨버스,카디건,캔버스단화,셔츠블라우스,,,,,,,,,,,,
571,20211122,캐주얼,7695,데이트,셀럽템,SELFLOVE,앙고라,와이드핏,콜라보,가을,댄디,스위스 밀리터리 하노와,골든구스,비슬로우,쿼츠 아날로그,반려동물용품,미디스커트,카디건,셔츠블라우스,슈트 팬츠슬랙스,겨울 싱글 코트,,,,,,
572,20210923,댄디,7675,워싱,뉴트럴톤,톤온톤,캠퍼스,꾸안꾸,남친룩,가을,캐주얼,페이탈리즘,플레어업,하 아카이브,엠엠지엘,프레드페리,디스이즈네버댓,데님 팬츠,안경 소품,비니,메신저크로스 백,피케카라 티셔츠,,,,,
574,20210409,캐주얼,7651,캐주얼,엠엠엘지,와르,스파오,컨버스,캉골,네스티킥,데님 팬츠,캡야구 모자,캔버스단화,에코백,긴소매 티셔츠,,,,,,,,,,,,
575,20210118,캐주얼,7629,겨울,캐주얼,엘비비,더블유브이프로젝트,나이키,비니,숏패딩숏헤비 아우터,맨투맨스웨트셔츠,패션스니커즈화,,,,,,,,,,,,,,,
576,20210126,캐주얼,7625,캐주얼,캐치볼,로파이,다이아몬드 레이라,예일,하프크라이즈 레이아웃,리끌로우,캔버스단화,겨울 더블 코트,셔츠블라우스,맨투맨스웨트셔츠,안경,,,,,,,,,,,,
578,20211020,댄디,7618,청청패션,스티치,데이트,남친룩,오버핏,가을,댄디,와일드 브릭스,라퍼지스토어,더블알엘,블랭크룸,로렌스폴,스카프반다나,반다나헤어밴드거트,겨울 싱글 코트,구두,백팩,데님 팬츠,트러커 재킷,안경,,,,
581,20211115,댄디,7547,벌룬핏,오버핏,스웨이드,아메카지,가을,아메리칸 캐주얼,피렌체 아뜨리에,미니멀프로젝트,제너,라퍼지스토어,와일드 브릭스,안데르센 안데르센,구두,모카신보트 슈즈,코튼 팬츠,토트백,사파리헌팅 재킷,헌팅캡베레모,머플러,,,,,
582,20210906,댄디,7541,카고,로고플레이,꾸안꾸,캠퍼스,가을,캐주얼,엔티에프피,다이클레즈,엠엘비,지프,스노우피크 어패럴,메신저크로스 백,기타 컬처,트레이닝조거 팬츠,기타 스니커즈,맨투맨스웨트셔츠,버킷사파리햇,,,,,,,
583,20211108,캐주얼,7537,캠퍼스,꾸안꾸,워싱,와이드핏,컬러블록,가을,캐주얼,에드,라모랭,유니폼브릿지,예스아이씨,반스,와릿이즌,데님 팬츠,안경 소품,비니,숏패딩숏헤비 아우터,백팩,캔버스단화,,,,,
584,20210329,댄디,7529,캐주얼,파르티멘토,페이탈리즘,러셀 애슬레틱,47브랜드,컨버스,반소매 티셔츠,데님 팬츠,안경 소품,긴소매 티셔츠,캡야구 모자,에코백,,,,,,,,,,,,
585,20211231,캐주얼,7528,그래픽,캐릭터,플리스,화사한,핀턱,와이드핏,원마일웨어,편안한,겨울,캐주얼,제로,이스트쿤스트,모노소잉,안데르센 안데르센,에스피오나지,어프어프,노스페이스,트레이닝조거 팬츠,맨투맨스웨트셔츠,겨울 기타 코트,비니,카디건,케이스슬리브,슬리퍼
587,20211217,캐주얼,7446,스티치,레터링,캠퍼스,레더,꾸안꾸,남친룩,겨울,캐주얼,아조바이아조,트릴리온,푸마,프리즘웍스,팔렛,와일드 브릭스,니트스웨터,트러커 재킷,데님 팬츠,캔버스단화,사파리헌팅 재킷,메신저크로스 백,캡야구 모자,,,
588,20211115,캐주얼,7427,로고플레이,스티치,캠퍼스,와이드핏,꾸안꾸,남친룩,가을,캐주얼,에스에스와이,컨버스,에이카화이트,플랙,필루미네이트,파르티멘토,메신저크로스 백,캡야구 모자,데님 팬츠,맨투맨스웨트셔츠,겨울 기타 코트,,,,,
589,20210915,스포츠,7419,체크,그래픽,와이드핏,핀턱,꾸안꾸,가을,캐주얼,유니버셜 케미스트리,예일,듀파,바이엘,유니폼브릿지,라퍼지스토어,컨버스,헌팅캡베레모,맨투맨스웨트셔츠,오토매틱 아날로그,셔츠블라우스,블루종MA1,캔버스단화,,,,
593,20211119,댄디,7375,톤온톤,로고플레이,가을,골프,허스키,스파오,헨리스튜어트,클로브,챌린저,미디 원피스,골프가방,숏패딩숏헤비 아우터,맨투맨스웨트셔츠,캡야구 모자,미디스커트,볼캡,,,,,,,,
594,20210317,캐주얼,7370,스트릿,마하그리드,나이키,캡야구 모자,목걸이펜던트,농구화,,,,,,,,,,,,,,,,,,
595,20210128,댄디,7368,스트릿,인터섹션,발렌시아가,오프 화이트,호텔세리토스,블루종MA1,기타 시계,후드 집업,양말,트레이닝조거 팬츠,,,,,,,,,,,,,,
597,20211210,댄디,7354,로고플레이,캠퍼스,꾸안꾸,핀턱,퀼팅,플리스,아메카지,와이드핏,체크,겨울,캐주얼,트리플에이,버켄스탁,파르티멘토,예일,러프사이드,와일드 브릭스,반소매 티셔츠,샌들,숏패딩숏헤비 아우터,에코백,코튼 팬츠,스카프반다나,
600,20210730,댄디,35754,로고플레이,편안한,원마일웨어,와이드핏,여름,캐주얼,리,세미콜론 아이웨어,제로,반스,베지터블테이블,셔츠블라우스,반소매 티셔츠,안경,트레이닝조거 팬츠,캔버스단화,캡야구 모자,,,,,,,
601,20210203,댄디,33412,봄,스트릿,제로,월간,라퍼지스토어,키치오브제,블론드나인,47브랜드,트레이닝조거 팬츠,액자포스터,목걸이펜던트,레더라이더스 재킷,캔버스단화,니트스웨터,캡야구 모자,,,,,,,,,
602,20210223,캐주얼,31120,봄,캐주얼,라퍼지스토어,다이아몬드 레이라,나이키,엠프렌즈,모티패스트,이에스엔,안경 소품,디퓨저캔들,반소매 티셔츠,셔츠블라우스,패션스니커즈화,케이스슬리브,캡야구 모자,레더라이더스 재킷,맨투맨스웨트셔츠,,,,,,,
604,20210430,댄디,27240,봄,댄디,후러브스아트,발렌티노 루디,오니츠카타이거,예일,오버다인,슈트 팬츠슬랙스,안경 소품,쿼츠 아날로그,반려동물용품,미디스커트,반소매 티셔츠,메신저크로스 백,,,,,,,,,,
605,20210223,스트릿,22327,봄,캐주얼,카시오,코닥,제로,와릿이즌,뉴발란스,커버낫,디지털,미니스커트,캡야구 모자,트레이닝조거 팬츠,,,,,,,,,,,,
607,20210329,캐주얼,19811,봄,캐주얼,본챔스,제로,와릿이즌,나이키,레인스,캡야구 모자,트레이닝조거 팬츠,안경 소품,반소매 티셔츠,긴소매 티셔츠,후드 집업,패션스니커즈화,메신저크로스 백,,,,,,,,,
609,20210915,댄디,19113,원마일웨어,로고플레이,가을,캐주얼,로커드,자브라,엘에이알,타입서비스,토피,트레이닝조거 팬츠,안경 소품,이어폰,패션스니커즈화,맨투맨스웨트셔츠,후드 집업,,,,,,,,,
610,20210831,캐주얼,18677,꾸안꾸,남친룩,핀턱,캠퍼스,와이드핏,여름,캐주얼,브래디백,와일드 브릭스,라퍼지스토어,닥터마틴,메신저크로스 백,잡지무크지,팔찌,맨투맨스웨트셔츠,구두,,,,,,,,
611,20210302,캐주얼,18610,봄,캐주얼,제멋,화이트블럭,엠엠엘지,어널러코드,뉴발란스,예일,블루종MA1,케이스슬리브,반소매 티셔츠,트레이닝조거 팬츠,캡야구 모자,,,,,,,,,,,
612,20210504,포멀,18417,봄,캐주얼,파르티멘토,반스,벗딥,커버낫,목걸이펜던트,캔버스단화,메신저크로스 백,코튼 팬츠,반소매 티셔츠,,,,,,,,,,,,,
613,20211004,댄디,18288,오버핏,플리스,리버서블,편안한,원마일웨어,가을,캐주얼,프로스펙스,브렌슨,고다신,커버낫,주네시 스포츠 클럽,제멋,캔버스단화,트레이닝조거 팬츠,안경 소품,액자포스터,이어폰,플리스뽀글이,캡야구 모자,맨투맨스웨트셔츠,,,
614,20210915,캐주얼,17894,데이트,그래픽,레이어드룩,가을,댄디,엘무드,뮤지엄바이비컨,테이크이지,로스트가든,아르반,플랙,누깍,반소매 티셔츠,니트스웨터,안경,셔츠블라우스,부츠,블루종MA1,데님 팬츠,숄더백,,,,
615,20210324,캐주얼,17875,봄,댄디,모디파이드,반,락포트,수아레,슈트블레이저 재킷,기타 시계,메신저크로스 백,데님 팬츠,구두,셔츠블라우스,,,,,,,,,,,,
616,20210625,스트릿,17477,원마일웨어,로고플레이,편안한,캠퍼스,모노톤,여름,캐주얼,제로,아디다스,엄브로,리,트레이닝조거 팬츠,액자포스터,슬리퍼,백팩,기타 컬처,캡야구 모자,반소매 티셔츠,,,,,,
617,20210927,캐주얼,16725,편안한,에코,캠퍼스,가을,캐주얼,어널러코드,지프,커버낫,리복,투엔티벅스,라퍼지스토어,트레이닝조거 팬츠,맨투맨스웨트셔츠,캡야구 모자,패션스니커즈화,에코백,사파리헌팅 재킷,,,,,,,
618,20211008,댄디,16242,와이드핏,체크,그래픽,지브라,편안한,원마일웨어,가을,캐주얼,제로,반스,미니멀프로젝트,엘엠씨,원헌드레드퍼센트,트레이닝조거 팬츠,캔버스단화,비니,맨투맨스웨트셔츠,,,,,,,
619,20211026,댄디,15884,레더,모노톤,데이트,슬림핏,가을,댄디,플랙,에이징씨씨씨,카시오,닉앤니콜 포 맨,로맨틱무브,드로우핏,데님 팬츠,안경 소품,액자포스터,레더라이더스 재킷,쿼츠 아날로그,토트백,부츠,니트스웨터,,,,
621,20210907,댄디,15661,아가일,모노톤,데이트,남친룩,가을,댄디,엘에이알,니티드,후러브스아트,까르벵 워치,쌤소나이트 레드,카디건,슈트 팬츠슬랙스,쿼츠 아날로그,토트백,,,,,,,,,
627,20211116,캐주얼,14609,핀턱,뉴트럴톤,레더,격식,출근룩,단정한,가을,포멀,라퍼지스토어,테이크이지,로스트가든,탄틴,아르반,로만손,겨울 싱글 코트,니트스웨터,구두,브리프케이스,셔츠블라우스,슈트 팬츠슬랙스,쿼츠 아날로그,,,
628,20210721,캐주얼,14183,편안한,캠퍼스,원마일웨어,로고플레이,여름,캐주얼,엠엠엘지,제로,캉골,칼하트,나이키,캡야구 모자,트레이닝조거 팬츠,백팩,반소매 티셔츠,패션스니커즈화,,,,,,,,
629,20210325,캐주얼,13994,캐주얼,네이키드니스,페플,반스,낫포너드,커버낫,메신저크로스 백,기타 컬처,트러커 재킷,비니,캔버스단화,트레이닝조거 팬츠,안경 소품,맨투맨스웨트셔츠,,,,,,,,,,
630,20211022,캐주얼,13983,키높이,워싱,레더,모노톤,SELFLOVE,셀럽템,가을,캐주얼,파르티멘토,컨버스,레더라이더스 재킷,숏패딩숏헤비 아우터,셔츠블라우스,캔버스단화,데님 팬츠,,,,,,,,,
632,20210921,포멀,13873,레이어드룩,캠퍼스,남친룩,꾸안꾸,로고플레이,와이드핏,가을,캐주얼,척,토피,컨버스,카시오,엠엠엘지,키뮤어,베스트,후드 집업,데님 팬츠,캔버스단화,디지털,백팩,,,,
634,20211123,캐주얼,13800,캠퍼스,레더,와이드핏,꾸안꾸,오버핏,콜라보,가을,캐주얼,컨버스,매스노운,마하그리드,라퍼지스토어,플랙,토마스모어,메신저크로스 백,캡야구 모자,맨투맨스웨트셔츠,데님 팬츠,숏패딩숏헤비 아우터,,,,,
635,20210702,포멀,13696,톤온톤,뉴트럴톤,캠퍼스,피크닉,와이드핏,오버핏,꾸안꾸,여름,캐주얼,벗딥,엠엠엘지,캐치볼,예일,반원 아틀리에,토트백,잡지무크지,캡야구 모자,캔버스단화,반소매 티셔츠,,,,,
636,20211110,스트릿,13645,원마일웨어,로고플레이,한파,가을,캐주얼,골라 클래식,예일,로마네,브라운브레스,노스페이스,오닐,후드 티셔츠,케이스슬리브,트레이닝조거 팬츠,숏패딩숏헤비 아우터,메신저크로스 백,,,,,,,,
640,20210308,캐주얼,13188,봄,포멀,모디파이드,엘무드,조셉트,로우로우,에스피오나지,슈트블레이저 재킷,기타 시계,반소매 티셔츠,니트스웨터,구두,안경,셔츠블라우스,,,,,,,,,,
642,20211019,캐주얼,12901,꾸안꾸,남친룩,가을,캐주얼,리끌로우,반스,엄브로,세터,예일,안경,캔버스단화,메신저크로스 백,니트스웨터,숏패딩숏헤비 아우터,,,,,,,,,,
645,20210716,포멀,12637,미니멀,남친룩,데이트,레더,여름,댄디,페이탈리즘,몬스터리퍼블릭,로스트가든,블론드나인,브렌슨,데님 팬츠,안경 소품,메신저크로스 백,안경,구두,베스트,반소매 티셔츠,,,,,,
648,20211004,포멀,12455,와이드핏,출근룩,단정한,미니멀,레더,가을,포멀,로맨틱무브,테이크이지,미나브,드로우핏,하이드아웃,구두,니트스웨터,슈트 팬츠슬랙스,토트백,겨울 싱글 코트,,,,,,,
649,20210913,포멀,12412,로고플레이,스트라이프,캠퍼스,레이어드룩,벌룬핏,가을,캐주얼,브래디백,아디다스,라모랭,이벳필드,예일,노드스튜디오,라퍼지스토어,메신저크로스 백,잡지무크지,패션스니커즈화,비니,맨투맨스웨트셔츠,셔츠블라우스,데님 팬츠,사파리헌팅 재킷,,
650,20210604,캐주얼,12330,레이어드룩,남친룩,여름,캐주얼,아코스튜디오스페이스,어반스터프,뉴발란스,리,라퍼지스토어,니트스웨터,데님 팬츠,에코백,,,,,,,,,,,,
651,20210531,아메리칸 캐주얼,12327,미니멀,루즈핏,봄,포멀,후러브스아트,집시,베드포드일레븐스,로얄런던시계,로맨틱무브,슈트 팬츠슬랙스,안경 소품,셔츠블라우스,반소매 티셔츠,백팩,쿼츠 아날로그,구두,로퍼,,,,,,,
652,20210906,캐주얼,12295,레터링,오버핏,편안한,원마일웨어,가을,캐주얼,페넥,골라 클래식,브렌슨,참스,엠엘비,지갑머니클립,트레이닝조거 팬츠,긴소매 티셔츠,캡야구 모자,,,,,,,,,
654,20210104,스포츠,12259,겨울,캐주얼,티엔피,나이키,블론드나인,더블유브이프로젝트,비니,플리스뽀글이,패션스니커즈화,니트스웨터,트레이닝조거 팬츠,,,,,,,,,,,,,
655,20210316,캐주얼,12258,봄,캐주얼,핍스,제로,엄브로,메신저크로스 백,기타 컬처,트레이닝조거 팬츠,,,,,,,,,,,,,,,,
656,20211104,캐주얼,12203,와이드핏,플리스,리버서블,레터링,편안한,원마일웨어,가을,캐주얼,저스트크래프트,제로,커버낫,티떠블유엔,카비시,리끌로우,패션스니커즈화,트레이닝조거 팬츠,플리스뽀글이,맨투맨스웨트셔츠,비니,머플러,,,,
657,20210309,캐주얼,12158,캐주얼,파르티멘토,쏘로굿,엘리오티,커버낫,플랙,트러커 재킷,기타 모자,부츠,헌팅캡베레모,기타 컬처,데님 팬츠,,,,,,,,,,,,
660,20210224,캐주얼,11541,봄,캐주얼,유니폼브릿지,뉴발란스,커버낫,안경 소품,백팩,맨투맨스웨트셔츠,,,,,,,,,,,,,,,,
661,20210604,댄디,11430,체크,프레피룩,레이어드룩,피크닉,여름,캐주얼,컨버스,브래디백,리,후아유,비욘드클로젯,캔버스단화,메신저크로스 백,잡지무크지,숏 팬츠,피케카라 티셔츠,베스트,,,,,,,
662,20211006,캐주얼,11316,셋업코디,출근룩,단정한,격식,미니멀,가을,포멀,마노모스,닥터마틴,라퍼지스토어,수아레,안경,구두,셔츠블라우스,,,,,,,,,,
663,20210824,댄디,11152,애슬레저룩,스포티,로고플레이,컬러블록,여름,스포츠,나이키,킨토,엄브로,숏 팬츠,선글라스,디퓨저캔들,보스턴드럼더플백,기타 컬처,패션스니커즈화,키친,텀블러,,,,,,,
665,20210908,캐주얼,11075,오버핏,워싱,캠퍼스,꾸안꾸,레이어드룩,남친룩,가을,캐주얼,제이반스 클래식,커버낫,페이탈리즘,나이키,팔찌,백팩,데님 팬츠,기타 스니커즈,셔츠블라우스,,,,,,,
666,20210520,포멀,11070,꾸안꾸,올블랙,로고플레이,봄,캐주얼,와릿이즌,나이키,파츠,제이반스 클래식,호카오네오네,메인부스,셔츠블라우스,반소매 티셔츠,캡야구 모자,팔찌,벨트,,,,,,,,
668,20210917,댄디,10942,캠퍼스,꾸안꾸,워싱,로고플레이,메쉬,가을,캐주얼,올리버커스텀,와릿이즌,코드그라피,그라미치,플랙,디스이즈네버댓,캔버스단화,백팩,블루종MA1,캡야구 모자,데님 팬츠,,,,,,
669,20210312,캐주얼,10911,봄,캐주얼,캉골,퍼블릭아이콘,디스이즈네버댓,루킹포유,커버낫,메신저크로스 백,기타 컬처,데님 팬츠,안경 소품,헌팅캡베레모,캔버스단화,안경,맨투맨스웨트셔츠,,,,,,,,,
671,20210122,캐주얼,10795,댄디,세컨모놀로그,도프제이슨,후러브스아트,토르소,어나더브릿지,피렌체 아뜨리에,반소매 티셔츠,맨투맨스웨트셔츠,무스탕퍼,슈트 팬츠슬랙스,쿼츠 아날로그,안경,부츠,,,,,,,,,,
672,20210308,캐주얼,10770,포멀,무신사 스탠다드,로우로우,손신발,반소매 티셔츠,셔츠블라우스,안경,슈트 팬츠슬랙스,안경 소품,디퓨저캔들,슈트블레이저 재킷,기타 시계,버킷사파리햇,구두,로퍼,니트스웨터,,,,,,,,
673,20211108,캐주얼,10704,스웨이드,데이트,슬림핏,남친룩,가을,댄디,모드나인,씨엘론다,닥터마틴,블론드나인,도프제이슨,안데르센 안데르센,데님 팬츠,안경 소품,안경,부츠,기타 스니커즈,니트스웨터,무스탕퍼,머플러,,,,
674,20210917,캐주얼,10700,미니멀,남친룩,데이트,레더,레이어드룩,가을,포멀,비에스큐티바이클래시,후러브스아트,라퍼지스토어,캘빈클라인 진,르네 하우윈,유니폼브릿지,블론드나인,부츠,기타 스니커즈,슈트 팬츠슬랙스,안경 소품,디지털,클러치 백,안경,베스트,,
676,20210312,캐주얼,10623,봄,캐주얼,유니폼브릿지,커버낫,캡야구 모자,에코백,코튼 팬츠,캔버스단화,맨투맨스웨트셔츠,,,,,,,,,,,,,,,
677,20210225,캐주얼,10510,봄,캐주얼,유니폼브릿지,예일,엠엘비,컨버스,렉켄,안경 소품,액자포스터,웨이스트 백,캔버스단화,,,,,,,,,,,,,
679,20210611,스포츠,10452,남친룩,스트라이프,로고플레이,모노톤,꾸안꾸,여름,캐주얼,리,닥터마틴,와릿이즌,엑스톤즈,셔츠블라우스,반소매 티셔츠,샌들,숄더백,데님 팬츠,,,,,,,,
684,20211012,댄디,10219,와펜,캠퍼스,핀턱,플리스,가을,캐주얼,와릿이즌,라퍼지스토어,나이키,반소매 티셔츠,캡야구 모자,셔츠블라우스,,,,,,,,,,,,
687,20210208,캐주얼,9988,봄,포멀,무신사 스탠다드,겨울 싱글 코트,디지털,페도라,반소매 티셔츠,카디건,벨트,니트스웨터,캔버스단화,슈트 팬츠슬랙스,안경 소품,토이,,,,,,,,,,
689,20210714,캐주얼,9941,오버핏,벌룬핏,시티보이룩,로고플레이,여름,캐주얼,트래블,라퍼지스토어,셔츠블라우스,메신저크로스 백,,,,,,,,,,,,,,
692,20211026,캐주얼,9842,로고플레이,컬러포인트,편안한,원마일웨어,플리스,비비드,가을,캐주얼,기키,아식스,코닥,플레인브랜드,마하그리드,가까이 유니언즈,케이스슬리브,패션스니커즈화,안경,후드 티셔츠,트레이닝조거 팬츠,,,,,
693,20211108,캐주얼,9764,미니멀,오버핏,데이트,남친룩,가을,댄디,쿠어,파르티멘토,피렌체 아뜨리에,토트백,비니,카디건,니트스웨터,데님 팬츠,구두,,,,,,,,,
694,20210929,캐주얼,9723,컬러포인트,남친룩,꾸안꾸,캠퍼스,워싱,가을,캐주얼,피스메이커,후아유,퀄리티 퍼포먼스,플랙,푸마,라퍼지스토어,비니,메신저크로스 백,반소매 티셔츠,긴소매 티셔츠,데님 팬츠,캔버스단화,카디건,기타 시계,사파리헌팅 재킷,,
695,20210729,스포츠,9633,모노톤,단정한,남친룩,레더,데이트,여름,댄디,페플,엠엠지엘,리끌로우,레인메이커,인템포무드,어반드레스,셔츠블라우스,반소매 티셔츠,슬리퍼,안경,골프가방,숏 팬츠,베스트,,,,
697,20211112,캐주얼,9587,워싱,미니멀,남친룩,데이트,얼죽코,셀럽템,SELFLOVE,가을,댄디,인사일런스,모드나인,비엔베투,나이키,밈더워드로브,환절기 코트,데님 팬츠,목걸이펜던트,맨투맨스웨트셔츠,메신저크로스 백,,,,,
699,20211224,캐주얼,9564,남친룩,레더,데이트,테이퍼드핏,오버핏,소개팅,스티치,겨울,댄디,쿠어,에스에스알엘,플랙,유니폼브릿지,슈마커,예일,니트스웨터,메신저크로스 백,데님 팬츠,숏패딩숏헤비 아우터,캔버스단화,머플러,,,
700,20211123,캐주얼,9531,레이어드룩,레더,남친룩,데이트,뉴트럴톤,소개팅,가을,댄디,블루엘리펀트,수아레,파인드카푸어,토마스모어,시그니처,컬러콜라,라퍼지스토어,안경,니트스웨터,숄더백,슈트 팬츠슬랙스,부츠,,,,
702,20210528,댄디,9504,찢청,로고플레이,봄,캐주얼,겐지,문수권세컨,피그앤헨,에이카화이트,뉴발란스,선글라스,데님 팬츠,안경 소품,팔찌,반소매 티셔츠,,,,,,,,,,
703,20210901,포멀,9483,톤온톤,남친룩,데이트,미니멀,가을,댄디,엘무드,마리떼,하이파이펑크,커스텀에이드,로이드,헤지스 맨 액세서리,반소매 티셔츠,카디건,셔츠블라우스,슈트 팬츠슬랙스,기타 스니커즈,쿼츠 아날로그,토트백,,,,,
705,20210415,캐주얼,9465,캐주얼,라모랭,에이징씨씨씨,나이키,스트리트 스탠다드,비니,팔찌,맨투맨스웨트셔츠,기타 스니커즈,코튼 팬츠,,,,,,,,,,,,,,
708,20210222,댄디,9401,캐주얼,제이다울,슬로코스터,유니폼브릿지,필루미네이트,캔버스단화,메신저크로스 백,맨투맨스웨트셔츠,데님 팬츠,안경,셔츠블라우스,,,,,,,,,,,,,
711,20211104,댄디,9341,스트라이프,로고플레이,꾸안꾸,남친룩,캠퍼스,가을,캐주얼,아영상사,바스틱,비디알,반스,예일,리,데님 팬츠,안경 소품,긴소매 티셔츠,셔츠블라우스,캔버스단화,숏패딩숏헤비 아우터,숄더백,,,,
712,20210922,포멀,9340,편안한,로고플레이,가을,스포츠,브룩스,나이키,론즈데일,반소매 티셔츠,보스턴드럼더플백,,,,,,,,,,,,,,,
714,20210415,포멀,9262,봄,캐주얼,커버낫,앤투마스,제멋,캐치볼,메신저크로스 백,맨투맨스웨트셔츠,캡야구 모자,미디스커트,볼캡,데님 팬츠,캔버스단화,,,,,,,,,,,
715,20211007,댄디,9254,모노톤,로고플레이,편안한,원마일웨어,가을,캐주얼,디폴트벨류,제로,커버낫,와릿이즌,꼼파뇨,휠라,캡야구 모자,트레이닝조거 팬츠,안경 소품,맨투맨스웨트셔츠,파우치 백,후드 집업,패션스니커즈화,,,,,
716,20211018,캐주얼,9223,로고플레이,편안한,애슬레저룩,플리스,가을,스포츠,나이키,어더스,엠비치오넴,소니,아디다스,엄브로,반소매 티셔츠,맨투맨스웨트셔츠,보스턴드럼더플백,이어폰,트레이닝조거 팬츠,안경 소품,액자포스터,플리스뽀글이,,,,
718,20211029,캐주얼,9189,편안한,원마일웨어,레터링,플리스,가을,캐주얼,제너,디프리크,후아유,리트리버클럽,디써티원,슈마커,메신저크로스 백,트레이닝조거 팬츠,맨투맨스웨트셔츠,캡야구 모자,캔버스단화,,,,,,,
721,20210917,캐주얼,9156,그래픽,편안한,원마일웨어,에코,가을,캐주얼,언폴드,크럼프,비바스튜디오,어나더브릿지,나이키,에코백,잡지무크지,트레이닝조거 팬츠,안경 소품,맨투맨스웨트셔츠,안경,패션스니커즈화,,,,,,
722,20210913,캐주얼,9147,로고플레이,워싱,오버핏,캠퍼스,메쉬,키높이,가을,캐주얼,질스튜어트 스포츠 뉴욕,라퍼지스토어,와릿이즌,리,플랙,맨투맨스웨트셔츠,캡야구 모자,백팩,데님 팬츠,,,,,,,
723,20210104,캐주얼,9117,겨울,캐주얼,바이시클트로피,컨버스,아웃스탠딩,예일,후아유,팔찌,캔버스단화,트레이닝조거 팬츠,맨투맨스웨트셔츠,캡야구 모자,,,,,,,,,,,,
725,20210720,스포츠,9004,그래픽,꾸안꾸,캠퍼스,모노톤,여름,캐주얼,디스이즈네버댓,트래블,라퍼지스토어,프리즘웍스,백팩,기타 컬처,반소매 티셔츠,코튼 팬츠,캡야구 모자,,,,,,,,,
726,20210302,캐주얼,8991,봄,댄디,데이빗스톤,엑스피어,모드나인,캘빈클라인,슬로우스탠다드,로파이,구두,벨트,데님 팬츠,쿼츠 아날로그,니트스웨터,레더라이더스 재킷,,,,,,,,,,
728,20210916,캐주얼,8943,레터링,편안한,원마일웨어,셋업코디,키높이,비,가을,캐주얼,어라운드투비,파라체이스,코드그라피,루오에스팩,메신저크로스 백,기타 컬처,우산,블루종MA1,캡야구 모자,후드 티셔츠,,,,,,
729,20210603,포멀,8929,린넨,아메카지,체크,여름,아메리칸 캐주얼,와일드 브릭스,유니드가먼츠,테바,라퍼지스토어,지갑머니클립,벨트,셔츠블라우스,슬리퍼,코튼 팬츠,,,,,,,,,,
730,20211224,캐주얼,8924,데이트,레더,남친룩,얼죽코,체크,소개팅,와이드핏,겨울,댄디,퀄팩,쿠어,트래블,위더로드,토피,수아레,토트백,잡지무크지,겨울 싱글 코트,디지털,머플러,부츠,데님 팬츠,니트스웨터,
731,20210104,스트릿,8914,겨울,캐주얼,어나더유스,트래블,리끌로우,앳 더 모먼트,커버낫,반스,목걸이펜던트,반소매 티셔츠,맨투맨스웨트셔츠,안경,트레이닝조거 팬츠,안경 소품,숏패딩숏헤비 아우터,캔버스단화,,,,,,,,
732,20210203,캐주얼,8913,캐주얼,로스코,라퍼지스토어,이스트팩,제로,블로퍼,캔버스단화,버킷사파리햇,웨이스트 백,트레이닝조거 팬츠,,,,,,,,,,,,,,
733,20210809,댄디,8896,모노톤,와이드핏,미니멀,레더,남친룩,스트라이프,여름,캐주얼,몬스터리퍼블릭,리,닥터마틴,라퍼지스토어,메신저크로스 백,캡야구 모자,슬리퍼,코튼 팬츠,,,,,,,,
734,20210217,댄디,8882,캐주얼,옐로우스톤,발렌티노 루디,아디다스,필루미네이트,에코백,잡지무크지,쿼츠 아날로그,반려동물용품,캔버스단화,코튼 팬츠,맨투맨스웨트셔츠,,,,,,,,,,,,
735,20211011,포멀,8823,편안한,컬러블록,원마일웨어,로고플레이,가을,캐주얼,아디다스,파르티멘토,1993스튜디오,소니,디파이클럽로버스,패션스니커즈화,반소매 티셔츠,기타 아우터,기타 상의,헤드폰,케이스슬리브,트레이닝조거 팬츠,,,,,,
737,20210916,포멀,8819,레터링,캠퍼스,와이드핏,핀턱,에코,키높이,가을,캐주얼,파르티멘토,라퍼지스토어,컨버스,리,지샥,팔렛,반소매 티셔츠,기타 아우터,에코백,디지털,맨투맨스웨트셔츠,,,,,
740,20210511,포멀,8744,봄,댄디,닥터마틴,랩12,엘무드,일꼬르소,헤지스 맨 액세서리,구두,셔츠블라우스,피케카라 티셔츠,안경,토트백,지갑머니클립,,,,,,,,,,,
743,20210914,캐주얼,8655,뉴트럴톤,로고플레이,페이즐리,꾸안꾸,가을,캐주얼,컨버스,마스카,칼하트,스노우피크 어패럴,이벳필드,캔버스단화,안경,메신저크로스 백,버킷사파리햇,맨투맨스웨트셔츠,,,,,,,,
747,20211217,캐주얼,8594,핀턱,출근룩,글로시,미니멀,겨울,포멀,레테르코모,러프넥,로우로우,라퍼지스토어,어널러코드,후드 티셔츠,베스트,구두,머플러,브리프케이스,셔츠블라우스,,,,,,,
748,20211001,아메리칸 캐주얼,8593,미니멀,남친룩,오버핏,레더,데이트,가을,댄디,테이크이지,이오유스튜디오,로스트가든,피스워커,프록시엘,라퍼지스토어,반소매 티셔츠,니트스웨터,목걸이펜던트,부츠,데님 팬츠,브리프케이스,,,,,
749,20210128,캐주얼,8579,캐주얼,커버낫,라퍼지스토어,나이키,라츠,스누지,반소매 티셔츠,숏패딩숏헤비 아우터,보드화,데님 팬츠,양말,,,,,,,,,,,,,
750,20210824,캐주얼,8572,벌룬핏,꾸안꾸,로고플레이,여름,캐주얼,요몬,시그니처,지프,반스,케이튼,메신저크로스 백,기타 컬처,코튼 팬츠,안경,맨투맨스웨트셔츠,캔버스단화,캡야구 모자,,,,,,,
752,20210127,캐주얼,8564,겨울,포멀,피렌체 아뜨리에,토마스모어,엘무드,커스텀멜로우,브아빗,구두,반소매 티셔츠,벨트,슈트 팬츠슬랙스,,,,,,,,,,,,,
753,20210210,댄디,8532,캐주얼,알파 인더스트리,아디다스,예일,블루종MA1,버킷사파리햇,캡야구 모자,패션스니커즈화,트레이닝조거 팬츠,안경 소품,액자포스터,후드 티셔츠,,,,,,,,,,,,
755,20210226,캐주얼,8494,댄디,제멋,드로우핏,브랜즈,로파이,시그니처,라퍼지스토어,반소매 티셔츠,긴소매 티셔츠,메신저크로스 백,캔버스단화,슈트 팬츠슬랙스,안경 소품,베스트,,,,,,,,,,
757,20211117,댄디,8488,플리스,캠퍼스,꾸안꾸,와이드핏,리버서블,가을,캐주얼,에잇세컨즈,오더아카이브,예일,반스,베지터블테이블,파르티멘토,백팩,기타 컬처,데님 팬츠,안경 소품,후드 티셔츠,캔버스단화,미니 원피스,비니,숏패딩숏헤비 아우터,,
760,20210520,스포츠,8443,그래픽,봄,캐주얼,어나더유스,미나브,이벳필드,마샬,리복,목걸이펜던트,슈트 팬츠슬랙스,반소매 티셔츠,헤드폰,패션스니커즈화,,,,,,,,,,,
761,20210625,캐주얼,8427,캠퍼스,와이드핏,로고플레이,여름,캐주얼,푸마,커버낫,엠엘비,비슬로우,와릿이즌,패션스니커즈화,메신저크로스 백,캡야구 모자,데님 팬츠,반소매 티셔츠,,,,,,,,,
762,20210715,댄디,8396,격식,출근룩,단정한,여름,포멀,콘스페로,로스트가든,세미콜론 아이웨어,제멋,수아레,브리프케이스,구두,안경,반소매 티셔츠,코튼 팬츠,,,,,,,,,
763,20211123,캐주얼,8393,원마일웨어,로고플레이,코듀로이,키높이,캠퍼스,가을,캐주얼,멜란지 마스터,리,예일,세븐셀라,엠엘비,반소매 티셔츠,후드 집업,에코백,후드 티셔츠,트레이닝조거 팬츠,패션스니커즈화,안경,,,,,
764,20210414,아메리칸 캐주얼,8375,캐주얼,애끼,무신사 스탠다드,커버낫,하 아카이브,비슬로우,컨버스,팔찌,양말,반지,반소매 티셔츠,메신저크로스 백,숏 팬츠,,,,,,,,,,,
765,20210218,캐주얼,8361,댄디,꼼파뇨,위더로드,미나브,피스워커,사르토르 리사르투스,반소매 티셔츠,카디건,구두,로퍼,데님 팬츠,겨울 싱글 코트,장갑,,,,,,,,,,,
766,20210305,캐주얼,8350,캐주얼,니티드,라츠,에스이에스티,노베스타,스노우피크 어패럴,반소매 티셔츠,카디건,데님 팬츠,맨투맨스웨트셔츠,기타 신발,캡야구 모자,셔츠블라우스,,,,,,,,,,,
767,20210302,캐주얼,8321,봄,캐주얼,카시오,컨버스,모디파이드,애드오프,리,47브랜드,디지털,미니스커트,캔버스단화,기타 시계,슈트 팬츠슬랙스,안경 소품,맨투맨스웨트셔츠,캡야구 모자,,,,,,,,
768,20210927,캐주얼,8318,캠퍼스,편안한,원마일웨어,체크,핀턱,가을,캐주얼,에프씨이,제로,클럽액티비티,어텐션로우,2365,기키,백팩,기타 컬처,트레이닝조거 팬츠,후드 티셔츠,패션스니커즈화,케이스슬리브,,,,,
769,20210727,댄디,8301,오버핏,그래픽,에코,편안한,원마일웨어,와이드핏,여름,캐주얼,페넥,티떠블유엔,슈펜,수아레,로우로우,케이스슬리브,셔츠블라우스,반소매 티셔츠,숄더백,코튼 팬츠,슬리퍼,,,,,
770,20210427,댄디,8288,봄,캐주얼,플레이몬스터,노스페이스,브렌슨,나이키,커버낫,셔츠블라우스,백팩,기타 컬처,트레이닝조거 팬츠,패션스니커즈화,시계 용품,,,,,,,,,,,
772,20211108,캐주얼,8250,카고,로고플레이,유니크,힙합,레이어드룩,가을,스트릿,인차일드,노스페이스,와릿이즌,싱커루프,트레이닝조거 팬츠,숏패딩숏헤비 아우터,트루퍼,팔찌,후드 티셔츠,,,,,,,,
773,20210107,캐주얼,8248,겨울,스트릿,프로스펙스,파르티멘토,듀테로,오버도스,노스페이스,숏패딩숏헤비 아우터,후드 티셔츠,트레이닝조거 팬츠,캡야구 모자,,,,,,,,,,,,,
774,20210621,댄디,8235,그래픽,컬러포인트,꾸안꾸,와이드핏,여름,캐주얼,카멜워크,아디다스,토피,피그앤헨,리,셔츠블라우스,반소매 티셔츠,패션스니커즈화,데님 팬츠,팔찌,캡야구 모자,,,,,,,
780,20210406,아메리칸 캐주얼,8097,봄,캐주얼,컨버스,유니폼브릿지,골라,엘엠씨,커버낫,캔버스단화,안경 소품,캡야구 모자,에코백,맨투맨스웨트셔츠,,,,,,,,,,,,
782,20210430,스트릿,8056,봄,캐주얼,커버낫,이피티,캔버스단화,백팩,양말,,,,,,,,,,,,,,,,,
784,20211012,캐주얼,8023,편안한,원마일웨어,컬러블록,캠퍼스,플리스,가을,캐주얼,와릿이즌,나이키,안경 소품,양말,백팩,패션스니커즈화,,,,,,,,,,,
786,20211014,캐주얼,8009,모노톤,로고플레이,오버핏,컬러블록,셀럽템,가을,스트릿,엠엘비,블랙 퍼플,기타 신발,목걸이펜던트,버킷사파리햇,,,,,,,,,,,,
787,20211112,캐주얼,8001,편안한,플리스,셋업코디,원마일웨어,오버핏,뉴트럴톤,컬러포인트,가을,캐주얼,티엔피,바운더리,코닥,에프씨엠엠,푸마,비니,트레이닝조거 팬츠,메신저크로스 백,플리스뽀글이,캔버스단화,,,,,
788,20210728,캐주얼,7994,카고,와이드핏,남친룩,꾸안꾸,여름,캐주얼,돔바,브래디백,긱타아이웨어,와릿이즌,카고브로스,레테르코모,메신저크로스 백,잡지무크지,안경,숏 팬츠,베스트,,,,,,,
791,20210129,캐주얼,7961,겨울,캐주얼,와일드 브릭스,리,반스,친다운,사운즈라이프,예일,캡야구 모자,숄더백,잡지무크지,캔버스단화,후드 티셔츠,,,,,,,,,,,
792,20210916,캐주얼,7940,편안한,원마일웨어,캠퍼스,가을,캐주얼,게인스보로,제로,코드그라피,수페르가,잔스포츠,반소매 티셔츠,맨투맨스웨트셔츠,트레이닝조거 팬츠,안경 소품,캔버스단화,백팩,안경,,,,,,,
793,20210222,댄디,7924,캐주얼,비바스튜디오,안경 소품,목걸이펜던트,맨투맨스웨트셔츠,토트백,,,,,,,,,,,,,,,,,,
794,20211115,캐주얼,7894,핀턱,출근룩,오버핏,와이드핏,모노톤,스웨이드,가을,포멀,탄틴,테이크이지,로맨틱무브,브아빗,쿠어,크리스챤모드,브리프케이스,니트스웨터,부츠,슈트 팬츠슬랙스,겨울 더블 코트,쿼츠 아날로그,,,,
795,20210929,캐주얼,7870,로고플레이,핀턱,와이드핏,꾸안꾸,캠퍼스,가을,캐주얼,엠엠엘지,제멋,그라미치,비슬로우,휠라,반소매 티셔츠,후드 티셔츠,블루종MA1,메신저크로스 백,데님 팬츠,캔버스단화,,,,,,
798,20210226,캐주얼,7854,봄,캐주얼,멜릭,컨버스,모디파이드,어반디타입,카시오,마인드브릿지,숄더백,잡지무크지,캔버스단화,데님 팬츠,니트스웨터,쿼츠 아날로그,트러커 재킷,,,,,,,,,
799,20210115,아메리칸 캐주얼,7835,겨울,포멀,무신사 스탠다드,슈트 팬츠슬랙스,안경 소품,디퓨저캔들,벨트,슈트블레이저 재킷,기타 시계,버킷사파리햇,반소매 티셔츠,니트스웨터,샌들,캔버스단화,롱패딩롱헤비 아우터,디지털,양말,,,,,,,
800,20210707,스포츠,7817,톤온톤,편안한,원마일웨어,와이드핏,로고플레이,린넨,여름,캐주얼,그루브라임,내셔널지오그래픽,디스이즈네버댓,골스튜디오,라퍼지스토어,캡야구 모자,셔츠블라우스,에코백,코튼 팬츠,,,,,,,
801,20210611,캐주얼,7814,미니멀,아메카지,뉴트럴톤,벌룬핏,여름,아메리칸 캐주얼,로우로우,한글안경,유니폼브릿지,커버낫,미니멀프로젝트,메신저크로스 백,기타 컬처,안경,코튼 팬츠,샌들,반소매 티셔츠,,,,,,,
803,20210928,캐주얼,7812,레더,단정한,남친룩,미니멀,데이트,와이드핏,핀턱,가을,댄디,내셔널 퍼블리시티,리트,비에스큐티바이클래시,라퍼지스토어,마하그리드,일꼬르소,클러치 백,슈트 팬츠슬랙스,안경 소품,부츠,레더라이더스 재킷,목걸이펜던트,니트스웨터,,
804,20211018,아메리칸 캐주얼,7801,셋업코디,원마일웨어,로고플레이,가을,캐주얼,커버낫,게인스보로,브리츠,숏패딩숏헤비 아우터,후드 티셔츠,헤드폰,,,,,,,,,,,,,
805,20211104,댄디,7794,로고플레이,편안한,원마일웨어,캠퍼스,가을,캐주얼,마하그리드,오니츠카타이거,케이투,티떠블유엔,뉴발란스,데상트,비니,숏패딩숏헤비 아우터,후드 티셔츠,웨이스트 백,,,,,,,,
807,20210401,포멀,7776,캐주얼,반스,커버낫,캔버스단화,메신저크로스 백,잡지무크지,코튼 팬츠,맨투맨스웨트셔츠,,,,,,,,,,,,,,,,
808,20210730,캐주얼,7762,스트라이프,캠퍼스,꾸안꾸,여름,캐주얼,브렌슨,색 스튜디오,오버다인,커버낫,세미콜론 아이웨어,트레이닝조거 팬츠,안경 소품,액자포스터,셔츠블라우스,반소매 티셔츠,메신저크로스 백,캔버스단화,안경,,,,,,
809,20211022,캐주얼,7736,캠퍼스,레터링,와이드핏,SELFLOVE,셀럽템,가을,캐주얼,반스,예일,캔버스단화,셔츠블라우스,코튼 팬츠,,,,,,,,,,,,
810,20211022,댄디,7734,편안한,키높이,레더,SELFLOVE,셀럽템,가을,캐주얼,와릿이즌,컨버스,카디건,캔버스단화,셔츠블라우스,,,,,,,,,,,,
811,20211122,포멀,7696,데이트,셀럽템,SELFLOVE,앙고라,와이드핏,콜라보,가을,댄디,스위스 밀리터리 하노와,골든구스,비슬로우,쿼츠 아날로그,반려동물용품,미디스커트,카디건,셔츠블라우스,슈트 팬츠슬랙스,겨울 싱글 코트,,,,,,
812,20210923,캐주얼,7676,워싱,뉴트럴톤,톤온톤,캠퍼스,꾸안꾸,남친룩,가을,캐주얼,페이탈리즘,플레어업,하 아카이브,엠엠지엘,프레드페리,디스이즈네버댓,데님 팬츠,안경 소품,비니,메신저크로스 백,피케카라 티셔츠,,,,,
814,20210409,캐주얼,7652,캐주얼,엠엠엘지,와르,스파오,컨버스,캉골,네스티킥,데님 팬츠,캡야구 모자,캔버스단화,에코백,긴소매 티셔츠,,,,,,,,,,,,
815,20210118,스트릿,7630,겨울,캐주얼,엘비비,더블유브이프로젝트,나이키,비니,숏패딩숏헤비 아우터,맨투맨스웨트셔츠,패션스니커즈화,,,,,,,,,,,,,,,
816,20210126,캐주얼,7626,캐주얼,캐치볼,로파이,다이아몬드 레이라,예일,하프크라이즈 레이아웃,리끌로우,캔버스단화,겨울 더블 코트,셔츠블라우스,맨투맨스웨트셔츠,안경,,,,,,,,,,,,
818,20211020,댄디,7619,청청패션,스티치,데이트,남친룩,오버핏,가을,댄디,와일드 브릭스,라퍼지스토어,더블알엘,블랭크룸,로렌스폴,스카프반다나,반다나헤어밴드거트,겨울 싱글 코트,구두,백팩,데님 팬츠,트러커 재킷,안경,,,,
821,20211115,댄디,7548,벌룬핏,오버핏,스웨이드,아메카지,가을,아메리칸 캐주얼,피렌체 아뜨리에,미니멀프로젝트,제너,라퍼지스토어,와일드 브릭스,안데르센 안데르센,구두,모카신보트 슈즈,코튼 팬츠,토트백,사파리헌팅 재킷,헌팅캡베레모,머플러,,,,,
822,20210906,캐주얼,7542,카고,로고플레이,꾸안꾸,캠퍼스,가을,캐주얼,엔티에프피,다이클레즈,엠엘비,지프,스노우피크 어패럴,메신저크로스 백,기타 컬처,트레이닝조거 팬츠,기타 스니커즈,맨투맨스웨트셔츠,버킷사파리햇,,,,,,,
823,20211108,댄디,7538,캠퍼스,꾸안꾸,워싱,와이드핏,컬러블록,가을,캐주얼,에드,라모랭,유니폼브릿지,예스아이씨,반스,와릿이즌,데님 팬츠,안경 소품,비니,숏패딩숏헤비 아우터,백팩,캔버스단화,,,,,
824,20210329,캐주얼,7530,캐주얼,파르티멘토,페이탈리즘,러셀 애슬레틱,47브랜드,컨버스,반소매 티셔츠,데님 팬츠,안경 소품,긴소매 티셔츠,캡야구 모자,에코백,,,,,,,,,,,,
825,20211231,캐주얼,7529,그래픽,캐릭터,플리스,화사한,핀턱,와이드핏,원마일웨어,편안한,겨울,캐주얼,제로,이스트쿤스트,모노소잉,안데르센 안데르센,에스피오나지,어프어프,노스페이스,트레이닝조거 팬츠,맨투맨스웨트셔츠,겨울 기타 코트,비니,카디건,케이스슬리브,슬리퍼
827,20211217,캐주얼,7447,스티치,레터링,캠퍼스,레더,꾸안꾸,남친룩,겨울,캐주얼,아조바이아조,트릴리온,푸마,프리즘웍스,팔렛,와일드 브릭스,니트스웨터,트러커 재킷,데님 팬츠,캔버스단화,사파리헌팅 재킷,메신저크로스 백,캡야구 모자,,,
828,20211115,캐주얼,7428,로고플레이,스티치,캠퍼스,와이드핏,꾸안꾸,남친룩,가을,캐주얼,에스에스와이,컨버스,에이카화이트,플랙,필루미네이트,파르티멘토,메신저크로스 백,캡야구 모자,데님 팬츠,맨투맨스웨트셔츠,겨울 기타 코트,,,,,
829,20210915,캐주얼,7420,체크,그래픽,와이드핏,핀턱,꾸안꾸,가을,캐주얼,유니버셜 케미스트리,예일,듀파,바이엘,유니폼브릿지,라퍼지스토어,컨버스,헌팅캡베레모,맨투맨스웨트셔츠,오토매틱 아날로그,셔츠블라우스,블루종MA1,캔버스단화,,,,
833,20211119,스트릿,7376,톤온톤,로고플레이,가을,골프,허스키,스파오,헨리스튜어트,클로브,챌린저,미디 원피스,골프가방,숏패딩숏헤비 아우터,맨투맨스웨트셔츠,캡야구 모자,미디스커트,볼캡,,,,,,,,
834,20210317,스포츠,7371,스트릿,마하그리드,나이키,캡야구 모자,목걸이펜던트,농구화,,,,,,,,,,,,,,,,,,
835,20210128,아메리칸 캐주얼,7369,스트릿,인터섹션,발렌시아가,오프 화이트,호텔세리토스,블루종MA1,기타 시계,후드 집업,양말,트레이닝조거 팬츠,,,,,,,,,,,,,,
837,20211210,댄디,7355,로고플레이,캠퍼스,꾸안꾸,핀턱,퀼팅,플리스,아메카지,와이드핏,체크,겨울,캐주얼,트리플에이,버켄스탁,파르티멘토,예일,러프사이드,와일드 브릭스,반소매 티셔츠,샌들,숏패딩숏헤비 아우터,에코백,코튼 팬츠,스카프반다나,
840,20211004,포멀,7317,로고플레이,플리스,리버서블,편안한,원마일웨어,가을,캐주얼,파우즈브레이크,코드그라피,데상트,커버낫,메신저크로스 백,후드 티셔츠,플리스뽀글이,캡야구 모자,,,,,,,,,
841,20211101,아메리칸 캐주얼,7300,톤온톤,스티치,캠퍼스,로고플레이,꾸안꾸,가을,캐주얼,인사일런스,퍼블릭아이콘,엘엠씨,에스에스알엘,올클래식,예일,숏패딩숏헤비 아우터,코튼 팬츠,안경 소품,캡야구 모자,메신저크로스 백,캔버스단화,후드 티셔츠,,,,
843,20210921,댄디,7257,편안한,원마일웨어,모노톤,그래픽,가을,캐주얼,드리프트아웃,디스커버리 익스페디션,컨스파라,파이살론,트래블,테디팝,반소매 티셔츠,후드 티셔츠,패션스니커즈화,웨이스트 백,안경,트레이닝조거 팬츠,,,,,,
844,20210224,캐주얼,7244,캐주얼,86로드,베이어다이나믹,꼼데가르송,앳 더 모먼트,트러커 재킷,헤드폰,캔버스단화,트레이닝조거 팬츠,후드 티셔츠,,,,,,,,,,,,,,
847,20210224,댄디,7206,봄,캐주얼,유니폼브릿지,오버캐스트,브랜즈,비슬로우,스트리트 스탠다드,데님 팬츠,안경 소품,액자포스터,디지털,캔버스단화,메신저크로스 백,기타 상의,,,,,,,,,,
848,20210917,캐주얼,7200,원마일웨어,그래픽,편안한,화사한,가을,캐주얼,에이지 그레이,파르티멘토,피지컬 에듀케이션 디파트먼트,엠엘비,후아유,이벳필드,에코백,잡지무크지,트레이닝조거 팬츠,맨투맨스웨트셔츠,패션스니커즈화,캡야구 모자,,,,,,
849,20210319,캐주얼,7192,캐주얼,카시오,벗딥,니티드,비바스튜디오,더블유브이프로젝트,뉴발란스,쿼츠 아날로그,반려동물용품,롱스커트,에코백,잡지무크지,카디건,코튼 팬츠,,,,,,,,,,
852,20211022,캐주얼,7167,편안한,원마일웨어,캠퍼스,오버핏,플리스,리버서블,가을,캐주얼,스티그마,네이키드니스,커버낫,제로,아디다스,케이스슬리브,반소매 티셔츠,후드 티셔츠,백팩,기타 컬처,플리스뽀글이,트레이닝조거 팬츠,패션스니커즈화,,,
855,20210408,댄디,7118,포멀,로맨틱무브,무신사 스탠다드,세이코,빈폴 액세서리,구두,로퍼,반소매 티셔츠,셔츠블라우스,슈트 팬츠슬랙스,안경 소품,토이,오토매틱 아날로그,반려동물용품,토트백,,,,,,,,,
856,20210726,캐주얼,7109,미니멀,데이트,오버핏,로고플레이,하객,화사한,여름,댄디,러프넥,비슬로우,퍼스텝,레테르코모,캘빈클라인 진,구두,코튼 팬츠,셔츠블라우스,베스트,클러치 백,,,,,,
857,20210721,스트릿,7104,편안한,그래픽,원마일웨어,모노톤,로고플레이,여름,캐주얼,몬스터리퍼블릭,제로,피지컬 에듀케이션 디파트먼트,비욘드클로젯,뉴발란스,메신저크로스 백,기타 컬처,트레이닝조거 팬츠,액자포스터,반소매 티셔츠,캡야구 모자,,,,,,
858,20211027,캐주얼,7101,로고플레이,톤온톤,편안한,원마일웨어,그래픽,에코,키높이,가을,캐주얼,테일러 스튜디오,아웃스탠딩,스컬캔디,어반스터프,컨버스,커버낫,후드 티셔츠,트레이닝조거 팬츠,헤드폰,에코백,플리스뽀글이,,,,
859,20211022,캐주얼,7093,편안한,원마일웨어,심볼,캠퍼스,꾸안꾸,럭셔리,가을,캐주얼,발렌시아가,꼼데가르송 플레이,지방시,페플,캔버스단화,반소매 티셔츠,후드 티셔츠,캡야구 모자,트레이닝조거 팬츠,,,,,,,
860,20210917,포멀,7085,캠퍼스,편안한,원마일웨어,레터링,모노톤,가을,캐주얼,로맨틱크라운,씨피 컴퍼니,발렌시아가,캡야구 모자,트레이닝조거 팬츠,스타디움 재킷,백팩,후드 티셔츠,,,,,,,,,
861,20210826,캐주얼,7081,오버핏,캠퍼스,여름,캐주얼,유니폼브릿지,반스,맨하탄 포티지,마하그리드,한글안경,안경 소품,액자포스터,캔버스단화,백팩,후드 티셔츠,안경,,,,,,,,,
862,20210726,캐주얼,7067,와이드핏,레더,미니멀,화사한,여름,댄디,피렌체 아뜨리에,세이모 온도,수아레,퍼스텝,구두,클러치 백,안경,코튼 팬츠,,,,,,,,,,
863,20210712,캐주얼,7064,로고플레이,체크,캠퍼스,여름,캐주얼,버빌리안,오니츠카타이거,스파오,플랙,예일,백팩,기타 컬처,패션스니커즈화,데님 팬츠,반소매 티셔츠,,,,,,,,,
864,20211005,캐주얼,7056,스트라이프,남친룩,캠퍼스,카고,가을,캐주얼,엠엠엘지,오아트,아파트먼트,라퍼지스토어,예일,캐치볼,메신저크로스 백,기타 컬처,안경,코튼 팬츠,사파리헌팅 재킷,피케카라 티셔츠,캔버스단화,,,,,
865,20210902,포멀,7046,로고플레이,편안한,원마일웨어,키높이,가을,캐주얼,그루브라임,제로,포즈간츠,에스피오나지,샐먼피스톨즈,반소매 티셔츠,긴소매 티셔츠,트레이닝조거 팬츠,캔버스단화,메신저크로스 백,캡야구 모자,,,,,,,
866,20210224,댄디,7039,캠퍼스,봄,캐주얼,47브랜드,로맨틱 파이어리츠,미니멀프로젝트,나이키,캡야구 모자,후드 티셔츠,블루종MA1,트레이닝조거 팬츠,,,,,,,,,,,,,
867,20210902,캐주얼,7021,단정한,격식,미니멀,레더,가을,포멀,로터프,드로우핏,카시오,조셉트,앤드지,브리프케이스,반소매 티셔츠,셔츠블라우스,쿼츠 아날로그,반려동물용품,후드 티셔츠,베스트,구두,로퍼,슈트 팬츠슬랙스,,,
870,20210914,캐주얼,7011,셋업코디,편안한,원마일웨어,모노톤,가을,캐주얼,코드그라피,라이프 아카이브,어반디타입,스코노,칼하트WIP,케이스슬리브,아노락 재킷,패션스니커즈화,웨이스트 백,,,,,,,,,
871,20211019,포멀,7009,플리스,편안한,원마일웨어,가을,캐주얼,나인밧,테일러 스튜디오,테디아일랜드,에이징씨씨씨,커버낫,디아도라,캔버스단화,후드 티셔츠,케이스슬리브,트레이닝조거 팬츠,플리스뽀글이,웨이스트 백,,,,,,,
872,20210721,캐주얼,6997,스포티,편안한,로고플레이,모노톤,여름,스포츠,네이키드니스,나이키,아디다스,챔피온,웨이스트 백,기타 컬처,셔츠블라우스,반소매 티셔츠,선글라스,패션스니커즈화,양말,캡야구 모자,,,,,,
875,20211004,캐주얼,6976,편안한,원마일웨어,레터링,셋업코디,가을,캐주얼,나이키,코드그라피,엠엠아이씨,프로스펙스,캡야구 모자,후드 티셔츠,패션스니커즈화,,,,,,,,,,,
876,20210929,포멀,6968,워싱,캠퍼스,꾸안꾸,메쉬,가을,캐주얼,모드나인,예일,프로스펙스,데이라이프,집시,데님 팬츠,후드 티셔츠,패션스니커즈화,메신저크로스 백,스타디움 재킷,,,,,,,,
877,20211108,스트릿,6948,그래픽,로고플레이,편안한,원마일웨어,와이드핏,글로시,가을,캐주얼,아식스,아크로하우스,내셔널지오그래픽,이스트쿤스트,노스페이스,토피,패션스니커즈화,케이스슬리브,토트백,숏패딩숏헤비 아우터,트레이닝조거 팬츠,,,,,
879,20210419,스트릿,6942,캐주얼,르마인,블랭크룸,예일,캐치볼,에잇세컨즈,메신저크로스 백,잡지무크지,안경 소품,후드 집업,캔버스단화,안경,,,,,,,,,,,,
881,20210408,캐주얼,6918,포멀,로맨틱무브,무신사 스탠다드,비슬로우,몬스터리퍼블릭,구두,로퍼,반소매 티셔츠,긴소매 티셔츠,스카프반다나,반다나헤어밴드거트,슈트 팬츠슬랙스,선글라스,디퓨저캔들,토트백,슈트블레이저 재킷,기타 시계,버킷사파리햇,,,,,,
884,20211005,댄디,6883,로고플레이,편안한,원마일웨어,캠퍼스,가을,캐주얼,칼하트,노매뉴얼,코드그라피,엄브로,엠엠엘지,백팩,기타 컬처,후드 티셔츠,아노락 재킷,캡야구 모자,,,,,,,,
885,20211020,캐주얼,6881,로고플레이,그래픽,에코,캠퍼스,오버핏,벌룬핏,플리스,가을,캐주얼,커버낫,반소매 티셔츠,후드 티셔츠,플리스뽀글이,에코백,캡야구 모자,,,,,,,,,
886,20210915,캐주얼,6858,캠퍼스,꾸안꾸,그래픽,레터링,모노톤,가을,캐주얼,파르티멘토,이벳필드,아영상사,마하그리드,하우데어,뉴발란스,누깍,트러커 재킷,기타 모자,캡야구 모자,데님 팬츠,안경 소품,후드 티셔츠,팔찌,메신저크로스 백,,
887,20210709,캐주얼,6844,편안한,원마일웨어,오버핏,로고플레이,에코,여름,캐주얼,제멋,엠엘비,마리떼,제로,컨버스,셔츠블라우스,반소매 티셔츠,캡야구 모자,에코백,트레이닝조거 팬츠,,,,,,,
888,20210924,홈웨어,6831,레이어드룩,데이트,레더,모노톤,가을,댄디,앤드류앤코,닥터마틴,피스워커,쿠어,베리베인,쿼츠 아날로그,반려동물용품,구두,토트백,데님 팬츠,블루종MA1,베스트,,,,,,
893,20210218,캐주얼,6813,봄,댄디,86로드,페이탈리즘,와릿이즌,손신발,로코모티브,유니폼브릿지,반소매 티셔츠,데님 팬츠,안경 소품,카디건,기타 시계,부츠,안경,겨울 싱글 코트,,,,,,,,
894,20210210,캐주얼,6813,봄,캐주얼,바스틱,아디다스,매스노운,논논,반소매 티셔츠,셔츠블라우스,캔버스단화,데님 팬츠,트러커 재킷,팔찌,맨투맨스웨트셔츠,,,,,,,,,,,
897,20210916,캐주얼,6795,로고플레이,캠퍼스,꾸안꾸,와이드핏,남친룩,가을,캐주얼,드릴리스,골라 클래식,페이크미,유니폼브릿지,피지컬 에듀케이션 디파트먼트,토피,에코백,잡지무크지,안경,블루종MA1,맨투맨스웨트셔츠,데님 팬츠,,,,,
900,20210730,캐주얼,35754,로고플레이,편안한,원마일웨어,와이드핏,여름,캐주얼,리,세미콜론 아이웨어,제로,반스,베지터블테이블,셔츠블라우스,반소매 티셔츠,안경,트레이닝조거 팬츠,캔버스단화,캡야구 모자,,,,,,,
901,20210203,캐주얼,33412,봄,스트릿,제로,월간,라퍼지스토어,키치오브제,블론드나인,47브랜드,트레이닝조거 팬츠,액자포스터,목걸이펜던트,레더라이더스 재킷,캔버스단화,니트스웨터,캡야구 모자,,,,,,,,,
902,20210223,캐주얼,31120,봄,캐주얼,라퍼지스토어,다이아몬드 레이라,나이키,엠프렌즈,모티패스트,이에스엔,안경 소품,디퓨저캔들,반소매 티셔츠,셔츠블라우스,패션스니커즈화,케이스슬리브,캡야구 모자,레더라이더스 재킷,맨투맨스웨트셔츠,,,,,,,
904,20210430,캐주얼,27240,봄,댄디,후러브스아트,발렌티노 루디,오니츠카타이거,예일,오버다인,슈트 팬츠슬랙스,안경 소품,쿼츠 아날로그,반려동물용품,미디스커트,반소매 티셔츠,메신저크로스 백,,,,,,,,,,
905,20210223,캐주얼,22327,봄,캐주얼,카시오,코닥,제로,와릿이즌,뉴발란스,커버낫,디지털,미니스커트,캡야구 모자,트레이닝조거 팬츠,,,,,,,,,,,,
907,20210329,캐주얼,19811,봄,캐주얼,본챔스,제로,와릿이즌,나이키,레인스,캡야구 모자,트레이닝조거 팬츠,안경 소품,반소매 티셔츠,긴소매 티셔츠,후드 집업,패션스니커즈화,메신저크로스 백,,,,,,,,,
909,20210915,스포츠,19113,원마일웨어,로고플레이,가을,캐주얼,로커드,자브라,엘에이알,타입서비스,토피,트레이닝조거 팬츠,안경 소품,이어폰,패션스니커즈화,맨투맨스웨트셔츠,후드 집업,,,,,,,,,
910,20210831,캐주얼,18677,꾸안꾸,남친룩,핀턱,캠퍼스,와이드핏,여름,캐주얼,브래디백,와일드 브릭스,라퍼지스토어,닥터마틴,메신저크로스 백,잡지무크지,팔찌,맨투맨스웨트셔츠,구두,,,,,,,,
911,20210302,댄디,18610,봄,캐주얼,제멋,화이트블럭,엠엠엘지,어널러코드,뉴발란스,예일,블루종MA1,케이스슬리브,반소매 티셔츠,트레이닝조거 팬츠,캡야구 모자,,,,,,,,,,,
912,20210504,캐주얼,18417,봄,캐주얼,파르티멘토,반스,벗딥,커버낫,목걸이펜던트,캔버스단화,메신저크로스 백,코튼 팬츠,반소매 티셔츠,,,,,,,,,,,,,
913,20211004,캐주얼,18288,오버핏,플리스,리버서블,편안한,원마일웨어,가을,캐주얼,프로스펙스,브렌슨,고다신,커버낫,주네시 스포츠 클럽,제멋,캔버스단화,트레이닝조거 팬츠,안경 소품,액자포스터,이어폰,플리스뽀글이,캡야구 모자,맨투맨스웨트셔츠,,,
914,20210915,스포츠,17894,데이트,그래픽,레이어드룩,가을,댄디,엘무드,뮤지엄바이비컨,테이크이지,로스트가든,아르반,플랙,누깍,반소매 티셔츠,니트스웨터,안경,셔츠블라우스,부츠,블루종MA1,데님 팬츠,숄더백,,,,
915,20210324,댄디,17875,봄,댄디,모디파이드,반,락포트,수아레,슈트블레이저 재킷,기타 시계,메신저크로스 백,데님 팬츠,구두,셔츠블라우스,,,,,,,,,,,,
916,20210625,캐주얼,17477,원마일웨어,로고플레이,편안한,캠퍼스,모노톤,여름,캐주얼,제로,아디다스,엄브로,리,트레이닝조거 팬츠,액자포스터,슬리퍼,백팩,기타 컬처,캡야구 모자,반소매 티셔츠,,,,,,
917,20210927,캐주얼,16725,편안한,에코,캠퍼스,가을,캐주얼,어널러코드,지프,커버낫,리복,투엔티벅스,라퍼지스토어,트레이닝조거 팬츠,맨투맨스웨트셔츠,캡야구 모자,패션스니커즈화,에코백,사파리헌팅 재킷,,,,,,,
918,20211008,스트릿,16242,와이드핏,체크,그래픽,지브라,편안한,원마일웨어,가을,캐주얼,제로,반스,미니멀프로젝트,엘엠씨,원헌드레드퍼센트,트레이닝조거 팬츠,캔버스단화,비니,맨투맨스웨트셔츠,,,,,,,
919,20211026,캐주얼,15885,레더,모노톤,데이트,슬림핏,가을,댄디,플랙,에이징씨씨씨,카시오,닉앤니콜 포 맨,로맨틱무브,드로우핏,데님 팬츠,안경 소품,액자포스터,레더라이더스 재킷,쿼츠 아날로그,토트백,부츠,니트스웨터,,,,
921,20210907,캐주얼,15662,아가일,모노톤,데이트,남친룩,가을,댄디,엘에이알,니티드,후러브스아트,까르벵 워치,쌤소나이트 레드,카디건,슈트 팬츠슬랙스,쿼츠 아날로그,토트백,,,,,,,,,
927,20211116,캐주얼,14609,핀턱,뉴트럴톤,레더,격식,출근룩,단정한,가을,포멀,라퍼지스토어,테이크이지,로스트가든,탄틴,아르반,로만손,겨울 싱글 코트,니트스웨터,구두,브리프케이스,셔츠블라우스,슈트 팬츠슬랙스,쿼츠 아날로그,,,
928,20210721,캐주얼,14183,편안한,캠퍼스,원마일웨어,로고플레이,여름,캐주얼,엠엠엘지,제로,캉골,칼하트,나이키,캡야구 모자,트레이닝조거 팬츠,백팩,반소매 티셔츠,패션스니커즈화,,,,,,,,
929,20210325,캐주얼,13994,캐주얼,네이키드니스,페플,반스,낫포너드,커버낫,메신저크로스 백,기타 컬처,트러커 재킷,비니,캔버스단화,트레이닝조거 팬츠,안경 소품,맨투맨스웨트셔츠,,,,,,,,,,
930,20211022,캐주얼,13983,키높이,워싱,레더,모노톤,SELFLOVE,셀럽템,가을,캐주얼,파르티멘토,컨버스,레더라이더스 재킷,숏패딩숏헤비 아우터,셔츠블라우스,캔버스단화,데님 팬츠,,,,,,,,,
932,20210921,캐주얼,13873,레이어드룩,캠퍼스,남친룩,꾸안꾸,로고플레이,와이드핏,가을,캐주얼,척,토피,컨버스,카시오,엠엠엘지,키뮤어,베스트,후드 집업,데님 팬츠,캔버스단화,디지털,백팩,,,,
934,20211123,캐주얼,13800,캠퍼스,레더,와이드핏,꾸안꾸,오버핏,콜라보,가을,캐주얼,컨버스,매스노운,마하그리드,라퍼지스토어,플랙,토마스모어,메신저크로스 백,캡야구 모자,맨투맨스웨트셔츠,데님 팬츠,숏패딩숏헤비 아우터,,,,,
935,20210702,스트릿,13696,톤온톤,뉴트럴톤,캠퍼스,피크닉,와이드핏,오버핏,꾸안꾸,여름,캐주얼,벗딥,엠엠엘지,캐치볼,예일,반원 아틀리에,토트백,잡지무크지,캡야구 모자,캔버스단화,반소매 티셔츠,,,,,
936,20211110,댄디,13645,원마일웨어,로고플레이,한파,가을,캐주얼,골라 클래식,예일,로마네,브라운브레스,노스페이스,오닐,후드 티셔츠,케이스슬리브,트레이닝조거 팬츠,숏패딩숏헤비 아우터,메신저크로스 백,,,,,,,,
940,20210308,스포츠,13188,봄,포멀,모디파이드,엘무드,조셉트,로우로우,에스피오나지,슈트블레이저 재킷,기타 시계,반소매 티셔츠,니트스웨터,구두,안경,셔츠블라우스,,,,,,,,,,
942,20211019,캐주얼,12901,꾸안꾸,남친룩,가을,캐주얼,리끌로우,반스,엄브로,세터,예일,안경,캔버스단화,메신저크로스 백,니트스웨터,숏패딩숏헤비 아우터,,,,,,,,,,
945,20210716,캐주얼,12637,미니멀,남친룩,데이트,레더,여름,댄디,페이탈리즘,몬스터리퍼블릭,로스트가든,블론드나인,브렌슨,데님 팬츠,안경 소품,메신저크로스 백,안경,구두,베스트,반소매 티셔츠,,,,,,
948,20211004,캐주얼,12455,와이드핏,출근룩,단정한,미니멀,레더,가을,포멀,로맨틱무브,테이크이지,미나브,드로우핏,하이드아웃,구두,니트스웨터,슈트 팬츠슬랙스,토트백,겨울 싱글 코트,,,,,,,
949,20210913,스트릿,12412,로고플레이,스트라이프,캠퍼스,레이어드룩,벌룬핏,가을,캐주얼,브래디백,아디다스,라모랭,이벳필드,예일,노드스튜디오,라퍼지스토어,메신저크로스 백,잡지무크지,패션스니커즈화,비니,맨투맨스웨트셔츠,셔츠블라우스,데님 팬츠,사파리헌팅 재킷,,
950,20210604,캐주얼,12330,레이어드룩,남친룩,여름,캐주얼,아코스튜디오스페이스,어반스터프,뉴발란스,리,라퍼지스토어,니트스웨터,데님 팬츠,에코백,,,,,,,,,,,,
951,20210531,캐주얼,12327,미니멀,루즈핏,봄,포멀,후러브스아트,집시,베드포드일레븐스,로얄런던시계,로맨틱무브,슈트 팬츠슬랙스,안경 소품,셔츠블라우스,반소매 티셔츠,백팩,쿼츠 아날로그,구두,로퍼,,,,,,,
952,20210906,댄디,12295,레터링,오버핏,편안한,원마일웨어,가을,캐주얼,페넥,골라 클래식,브렌슨,참스,엠엘비,지갑머니클립,트레이닝조거 팬츠,긴소매 티셔츠,캡야구 모자,,,,,,,,,
954,20210104,캐주얼,12259,겨울,캐주얼,티엔피,나이키,블론드나인,더블유브이프로젝트,비니,플리스뽀글이,패션스니커즈화,니트스웨터,트레이닝조거 팬츠,,,,,,,,,,,,,
955,20210316,아메리칸 캐주얼,12258,봄,캐주얼,핍스,제로,엄브로,메신저크로스 백,기타 컬처,트레이닝조거 팬츠,,,,,,,,,,,,,,,,
956,20211104,캐주얼,12203,와이드핏,플리스,리버서블,레터링,편안한,원마일웨어,가을,캐주얼,저스트크래프트,제로,커버낫,티떠블유엔,카비시,리끌로우,패션스니커즈화,트레이닝조거 팬츠,플리스뽀글이,맨투맨스웨트셔츠,비니,머플러,,,,
957,20210309,포멀,12158,캐주얼,파르티멘토,쏘로굿,엘리오티,커버낫,플랙,트러커 재킷,기타 모자,부츠,헌팅캡베레모,기타 컬처,데님 팬츠,,,,,,,,,,,,
960,20210224,캐주얼,11541,봄,캐주얼,유니폼브릿지,뉴발란스,커버낫,안경 소품,백팩,맨투맨스웨트셔츠,,,,,,,,,,,,,,,,
961,20210604,캐주얼,11430,체크,프레피룩,레이어드룩,피크닉,여름,캐주얼,컨버스,브래디백,리,후아유,비욘드클로젯,캔버스단화,메신저크로스 백,잡지무크지,숏 팬츠,피케카라 티셔츠,베스트,,,,,,,
962,20211006,아메리칸 캐주얼,11316,셋업코디,출근룩,단정한,격식,미니멀,가을,포멀,마노모스,닥터마틴,라퍼지스토어,수아레,안경,구두,셔츠블라우스,,,,,,,,,,
963,20210824,캐주얼,11152,애슬레저룩,스포티,로고플레이,컬러블록,여름,스포츠,나이키,킨토,엄브로,숏 팬츠,선글라스,디퓨저캔들,보스턴드럼더플백,기타 컬처,패션스니커즈화,키친,텀블러,,,,,,,
965,20210908,캐주얼,11075,오버핏,워싱,캠퍼스,꾸안꾸,레이어드룩,남친룩,가을,캐주얼,제이반스 클래식,커버낫,페이탈리즘,나이키,팔찌,백팩,데님 팬츠,기타 스니커즈,셔츠블라우스,,,,,,,
966,20210520,캐주얼,11070,꾸안꾸,올블랙,로고플레이,봄,캐주얼,와릿이즌,나이키,파츠,제이반스 클래식,호카오네오네,메인부스,셔츠블라우스,반소매 티셔츠,캡야구 모자,팔찌,벨트,,,,,,,,
968,20210917,포멀,10942,캠퍼스,꾸안꾸,워싱,로고플레이,메쉬,가을,캐주얼,올리버커스텀,와릿이즌,코드그라피,그라미치,플랙,디스이즈네버댓,캔버스단화,백팩,블루종MA1,캡야구 모자,데님 팬츠,,,,,,
969,20210312,캐주얼,10911,봄,캐주얼,캉골,퍼블릭아이콘,디스이즈네버댓,루킹포유,커버낫,메신저크로스 백,기타 컬처,데님 팬츠,안경 소품,헌팅캡베레모,캔버스단화,안경,맨투맨스웨트셔츠,,,,,,,,,
971,20210122,댄디,10796,댄디,세컨모놀로그,도프제이슨,후러브스아트,토르소,어나더브릿지,피렌체 아뜨리에,반소매 티셔츠,맨투맨스웨트셔츠,무스탕퍼,슈트 팬츠슬랙스,쿼츠 아날로그,안경,부츠,,,,,,,,,,
972,20210308,아메리칸 캐주얼,10770,포멀,무신사 스탠다드,로우로우,손신발,반소매 티셔츠,셔츠블라우스,안경,슈트 팬츠슬랙스,안경 소품,디퓨저캔들,슈트블레이저 재킷,기타 시계,버킷사파리햇,구두,로퍼,니트스웨터,,,,,,,,
973,20211108,캐주얼,10704,스웨이드,데이트,슬림핏,남친룩,가을,댄디,모드나인,씨엘론다,닥터마틴,블론드나인,도프제이슨,안데르센 안데르센,데님 팬츠,안경 소품,안경,부츠,기타 스니커즈,니트스웨터,무스탕퍼,머플러,,,,
974,20210917,스포츠,10700,미니멀,남친룩,데이트,레더,레이어드룩,가을,포멀,비에스큐티바이클래시,후러브스아트,라퍼지스토어,캘빈클라인 진,르네 하우윈,유니폼브릿지,블론드나인,부츠,기타 스니커즈,슈트 팬츠슬랙스,안경 소품,디지털,클러치 백,안경,베스트,,
976,20210312,캐주얼,10623,봄,캐주얼,유니폼브릿지,커버낫,캡야구 모자,에코백,코튼 팬츠,캔버스단화,맨투맨스웨트셔츠,,,,,,,,,,,,,,,
977,20210225,댄디,10510,봄,캐주얼,유니폼브릿지,예일,엠엘비,컨버스,렉켄,안경 소품,액자포스터,웨이스트 백,캔버스단화,,,,,,,,,,,,,
979,20210611,스트릿,10452,남친룩,스트라이프,로고플레이,모노톤,꾸안꾸,여름,캐주얼,리,닥터마틴,와릿이즌,엑스톤즈,셔츠블라우스,반소매 티셔츠,샌들,숄더백,데님 팬츠,,,,,,,,
984,20211012,댄디,10219,와펜,캠퍼스,핀턱,플리스,가을,캐주얼,와릿이즌,라퍼지스토어,나이키,반소매 티셔츠,캡야구 모자,셔츠블라우스,,,,,,,,,,,,
987,20210208,캐주얼,9988,봄,포멀,무신사 스탠다드,겨울 싱글 코트,디지털,페도라,반소매 티셔츠,카디건,벨트,니트스웨터,캔버스단화,슈트 팬츠슬랙스,안경 소품,토이,,,,,,,,,,
989,20210714,캐주얼,9941,오버핏,벌룬핏,시티보이룩,로고플레이,여름,캐주얼,트래블,라퍼지스토어,셔츠블라우스,메신저크로스 백,,,,,,,,,,,,,,
992,20211026,아메리칸 캐주얼,9843,로고플레이,컬러포인트,편안한,원마일웨어,플리스,비비드,가을,캐주얼,기키,아식스,코닥,플레인브랜드,마하그리드,가까이 유니언즈,케이스슬리브,패션스니커즈화,안경,후드 티셔츠,트레이닝조거 팬츠,,,,,
993,20211108,캐주얼,9764,미니멀,오버핏,데이트,남친룩,가을,댄디,쿠어,파르티멘토,피렌체 아뜨리에,토트백,비니,카디건,니트스웨터,데님 팬츠,구두,,,,,,,,,
994,20210929,스트릿,9724,컬러포인트,남친룩,꾸안꾸,캠퍼스,워싱,가을,캐주얼,피스메이커,후아유,퀄리티 퍼포먼스,플랙,푸마,라퍼지스토어,비니,메신저크로스 백,반소매 티셔츠,긴소매 티셔츠,데님 팬츠,캔버스단화,카디건,기타 시계,사파리헌팅 재킷,,
995,20210729,캐주얼,9633,모노톤,단정한,남친룩,레더,데이트,여름,댄디,페플,엠엠지엘,리끌로우,레인메이커,인템포무드,어반드레스,셔츠블라우스,반소매 티셔츠,슬리퍼,안경,골프가방,숏 팬츠,베스트,,,,
997,20211112,스포츠,9587,워싱,미니멀,남친룩,데이트,얼죽코,셀럽템,SELFLOVE,가을,댄디,인사일런스,모드나인,비엔베투,나이키,밈더워드로브,환절기 코트,데님 팬츠,목걸이펜던트,맨투맨스웨트셔츠,메신저크로스 백,,,,,
999,20211224,캐주얼,9564,남친룩,레더,데이트,테이퍼드핏,오버핏,소개팅,스티치,겨울,댄디,쿠어,에스에스알엘,플랙,유니폼브릿지,슈마커,예일,니트스웨터,메신저크로스 백,데님 팬츠,숏패딩숏헤비 아우터,캔버스단화,머플러,,,
