,코디,3,4,5,6,7,8,9,10,11,12,13,14,15,16,17,18,19,20,21,22,23,24,25,26
63,스포츠,가을,스트릿,제로,쇼브오프,라퍼지스토어,크리틱,트레이닝조거 팬츠,액자포스터,팔찌,메신저크로스 백,니트스웨터,,,,,,,,,,,,,
112,스포츠,레터링,오버핏,편안한,원마일웨어,가을,캐주얼,페넥,골라 클래식,브렌슨,참스,엠엘비,지갑머니클립,트레이닝조거 팬츠,긴소매 티셔츠,캡야구 모자,,,,,,,,,
116,스포츠,와이드핏,플리스,리버서블,레터링,편안한,원마일웨어,가을,캐주얼,저스트크래프트,제로,커버낫,티떠블유엔,카비시,리끌로우,패션스니커즈화,트레이닝조거 팬츠,플리스뽀글이,맨투맨스웨트셔츠,비니,머플러,,,,
120,스포츠,봄,캐주얼,유니폼브릿지,뉴발란스,커버낫,안경 소품,백팩,맨투맨스웨트셔츠,,,,,,,,,,,,,,,,
142,스포츠,가을,스트릿,포스333,앱놀머씽,와릿이즌,나이키,모티패스트,블루종MA1,트레이닝조거 팬츠,농구화,캡야구 모자,,,,,,,,,,,,,
272,스포츠,로고플레이,컬러포인트,편안한,원마일웨어,플리스,비비드,가을,캐주얼,기키,아식스,코닥,플레인브랜드,마하그리드,가까이 유니언즈,케이스슬리브,패션스니커즈화,안경,후드 티셔츠,트레이닝조거 팬츠,,,,,
304,스포츠,로고플레이,오버핏,벌룬핏,핀턱,에코,봄,캐주얼,슬리피슬립,컬러콜라,레테르코모,라퍼지스토어,사운즈라이프,포트너스,헌팅캡베레모,캔버스단화,베스트,셔츠블라우스,에코백,,,,,,
358,스포츠,가을,댄디,컨버스,아웃스탠딩,예일,디미트리블랙,로에일,노드스튜디오,캔버스단화,후드 티셔츠,에코백,슈트블레이저 재킷,셔츠블라우스,,,,,,,,,,,
359,스포츠,편안한,원마일웨어,캠퍼스,에코,오버핏,그래픽,봄,캐주얼,제로,캉골,노우웨이브,케즈,피비피비,비전스트릿웨어,트레이닝조거 팬츠,액자포스터,에코백,잡지무크지,캡야구 모자,케이스슬리브,반소매 티셔츠,,,
383,스포츠,캠퍼스,로고플레이,와이드핏,컬러포인트,봄,캐주얼,카비시,수아레,널디,우알롱,케이스슬리브,반소매 티셔츠,코튼 팬츠,기타 스니커즈,캡야구 모자,,,,,,,,,
405,스포츠,미니멀,남친룩,데이트,레더,여름,댄디,페이탈리즘,몬스터리퍼블릭,로스트가든,블론드나인,브렌슨,데님 팬츠,안경 소품,메신저크로스 백,안경,구두,베스트,반소매 티셔츠,,,,,,
441,스포츠,로고플레이,레터링,오버핏,편안한,원마일웨어,꾸안꾸,플리스,캠퍼스,봄,캐주얼,로우로우,예일,아디다스,아카이브 볼드,마하그리드,에스피오나지,백팩,기타 컬처,후드 티셔츠,패션스니커즈화,트레이닝조거 팬츠,비니,플리스뽀글이,
466,스포츠,에코,캠퍼스,체크,스티치,남친룩,와이드핏,레터링,봄,캐주얼,후러브스아트,필이너프,트릴리온,리트리버클럽,어반스터프,와일드 브릭스,슈트 팬츠슬랙스,안경 소품,베스트,셔츠블라우스,에코백,겨울 기타 코트,머플러,,
468,스포츠,캐주얼,제이다울,슬로코스터,유니폼브릿지,필루미네이트,캔버스단화,메신저크로스 백,맨투맨스웨트셔츠,데님 팬츠,안경,셔츠블라우스,,,,,,,,,,,,,
469,스포츠,오버핏,린넨,와이드핏,핀턱,데이트,화사한,파스텔,컬러블록,봄,댄디,아디다스,커스텀어클락,라퍼지스토어,매드고트,로우로우,피그앤헨,패션스니커즈화,숏 팬츠,선글라스,셔츠블라우스,토트백,안경,팔찌,
475,스포츠,모노톤,로고플레이,편안한,원마일웨어,가을,캐주얼,디폴트벨류,제로,커버낫,와릿이즌,꼼파뇨,휠라,캡야구 모자,트레이닝조거 팬츠,안경 소품,맨투맨스웨트셔츠,파우치 백,후드 집업,패션스니커즈화,,,,,
497,스포츠,레터링,캠퍼스,와이드핏,핀턱,에코,키높이,가을,캐주얼,파르티멘토,라퍼지스토어,컨버스,리,지샥,팔렛,반소매 티셔츠,기타 아우터,에코백,디지털,맨투맨스웨트셔츠,,,,,
504,스포츠,원마일웨어,셋업코디,레터링,봄,캐주얼,피스메이커,로우랩,디아도라,메신저크로스 백,헤드폰,반소매 티셔츠,러닝화,,,,,,,,,,,,
515,스포츠,댄디,제멋,드로우핏,브랜즈,로파이,시그니처,라퍼지스토어,반소매 티셔츠,긴소매 티셔츠,메신저크로스 백,캔버스단화,슈트 팬츠슬랙스,안경 소품,베스트,,,,,,,,,,
516,스포츠,편안한,꾸안꾸,캠퍼스,로고플레이,컬러블록,여름,캐주얼,바이모스,소니,예일,컬럼비아 유니버시티,뉴발란스,메신저크로스 백,기타 컬처,헤드폰,후드 티셔츠,숏 팬츠,패션스니커즈화,,,,,,
524,스포츠,캐주얼,애끼,무신사 스탠다드,커버낫,하 아카이브,비슬로우,컨버스,팔찌,양말,반지,반소매 티셔츠,메신저크로스 백,숏 팬츠,,,,,,,,,,,
525,스포츠,댄디,꼼파뇨,위더로드,미나브,피스워커,사르토르 리사르투스,반소매 티셔츠,카디건,구두,로퍼,데님 팬츠,겨울 싱글 코트,장갑,,,,,,,,,,,
534,스포츠,그래픽,컬러포인트,꾸안꾸,와이드핏,여름,캐주얼,카멜워크,아디다스,토피,피그앤헨,리,셔츠블라우스,반소매 티셔츠,패션스니커즈화,데님 팬츠,팔찌,캡야구 모자,,,,,,,
546,스포츠,모노톤,로고플레이,오버핏,컬러블록,셀럽템,가을,스트릿,엠엘비,블랙 퍼플,기타 신발,목걸이펜던트,버킷사파리햇,,,,,,,,,,,,
553,스포츠,캐주얼,비바스튜디오,안경 소품,목걸이펜던트,맨투맨스웨트셔츠,토트백,,,,,,,,,,,,,,,,,,
589,스포츠,체크,그래픽,와이드핏,핀턱,꾸안꾸,가을,캐주얼,유니버셜 케미스트리,예일,듀파,바이엘,유니폼브릿지,라퍼지스토어,컨버스,헌팅캡베레모,맨투맨스웨트셔츠,오토매틱 아날로그,셔츠블라우스,블루종MA1,캔버스단화,,,,
654,스포츠,겨울,캐주얼,티엔피,나이키,블론드나인,더블유브이프로젝트,비니,플리스뽀글이,패션스니커즈화,니트스웨터,트레이닝조거 팬츠,,,,,,,,,,,,,
667,스포츠,가을,캐주얼,어반스터프,비슬로우,노스페이스,엘엠씨,반소매 티셔츠,후드 티셔츠,데님 팬츠,플리스뽀글이,키링키케이스,,,,,,,,,,,,,
679,스포츠,남친룩,스트라이프,로고플레이,모노톤,꾸안꾸,여름,캐주얼,리,닥터마틴,와릿이즌,엑스톤즈,셔츠블라우스,반소매 티셔츠,샌들,숄더백,데님 팬츠,,,,,,,,
695,스포츠,모노톤,단정한,남친룩,레더,데이트,여름,댄디,페플,엠엠지엘,리끌로우,레인메이커,인템포무드,어반드레스,셔츠블라우스,반소매 티셔츠,슬리퍼,안경,골프가방,숏 팬츠,베스트,,,,
704,스포츠,원마일웨어,와이드핏,모노톤,그래픽,로고플레이,봄,캐주얼,아차,노스페이스,홀리넘버세븐,페플,식스핏,리스펙트,목걸이펜던트,백팩,기타 컬처,캡야구 모자,캔버스단화,트레이닝조거 팬츠,,,,,
725,스포츠,그래픽,꾸안꾸,캠퍼스,모노톤,여름,캐주얼,디스이즈네버댓,트래블,라퍼지스토어,프리즘웍스,백팩,기타 컬처,반소매 티셔츠,코튼 팬츠,캡야구 모자,,,,,,,,,
759,스포츠,겨울,댄디,집시,크럼프,이피티,라퍼지스토어,세인트스코트런던,니티드,그루브라임,반소매 티셔츠,셔츠블라우스,안경 소품,캔버스단화,겨울 싱글 코트,쿼츠 아날로그,카디건,맨투맨스웨트셔츠,,,,,,,
760,스포츠,그래픽,봄,캐주얼,어나더유스,미나브,이벳필드,마샬,리복,목걸이펜던트,슈트 팬츠슬랙스,반소매 티셔츠,헤드폰,패션스니커즈화,,,,,,,,,,,
781,스포츠,가을,캐주얼,팀버랜드,파르티멘토,리,커스텀멜로우,메인부스,블로퍼,부츠,사파리헌팅 재킷,디지털,맨투맨스웨트셔츠,데님 팬츠,머플러,,,,,,,,,,
796,스포츠,편안한,캠퍼스,모노톤,꾸안꾸,가을,캐주얼,드라이프,브렌슨,캘빈클라인 진,식스핏,백팩,기타 컬처,트레이닝조거 팬츠,캡야구 모자,캔버스단화,후드 티셔츠,,,,,,,,
800,스포츠,톤온톤,편안한,원마일웨어,와이드핏,로고플레이,린넨,여름,캐주얼,그루브라임,내셔널지오그래픽,디스이즈네버댓,골스튜디오,라퍼지스토어,캡야구 모자,셔츠블라우스,에코백,코튼 팬츠,,,,,,,
834,스포츠,스트릿,마하그리드,나이키,캡야구 모자,목걸이펜던트,농구화,,,,,,,,,,,,,,,,,,
898,스포츠,가을,스트릿,아디다스,와릿이즌,엠엘비,반소매 티셔츠,샌들,트레이닝조거 팬츠,안경 소품,액자포스터,기타 시계,비니,,,,,,,,,,,,
909,스포츠,원마일웨어,로고플레이,가을,캐주얼,로커드,자브라,엘에이알,타입서비스,토피,트레이닝조거 팬츠,안경 소품,이어폰,패션스니커즈화,맨투맨스웨트셔츠,후드 집업,,,,,,,,,
914,스포츠,데이트,그래픽,레이어드룩,가을,댄디,엘무드,뮤지엄바이비컨,테이크이지,로스트가든,아르반,플랙,누깍,반소매 티셔츠,니트스웨터,안경,셔츠블라우스,부츠,블루종MA1,데님 팬츠,숄더백,,,,
933,스포츠,데이트,남친룩,오버핏,핀턱,와이드핏,봄,댄디,데몬에이드,듀파,해브해드,위트맨,라퍼지스토어,숄더백,쿼츠 아날로그,코튼 팬츠,캔버스단화,셔츠블라우스,,,,,,,
938,스포츠,모노톤,데이트,레더,에코,셀럽템,오버핏,와이드핏,핀턱,봄,댄디,라퍼지스토어,레더라이더스 재킷,셔츠블라우스,구두,,,,,,,,,,
940,스포츠,봄,포멀,모디파이드,엘무드,조셉트,로우로우,에스피오나지,슈트블레이저 재킷,기타 시계,반소매 티셔츠,니트스웨터,구두,안경,셔츠블라우스,,,,,,,,,,
943,스포츠,그래픽,가을,캐주얼,커버낫,로얄라이프,예일,컨버스,예스아이씨,노드 아카이브,플리스뽀글이,기타 시계,버킷사파리햇,데님 팬츠,안경 소품,맨투맨스웨트셔츠,비니,후드 티셔츠,,,,,,,
974,스포츠,미니멀,남친룩,데이트,레더,레이어드룩,가을,포멀,비에스큐티바이클래시,후러브스아트,라퍼지스토어,캘빈클라인 진,르네 하우윈,유니폼브릿지,블론드나인,부츠,기타 스니커즈,슈트 팬츠슬랙스,안경 소품,디지털,클러치 백,안경,베스트,,
997,스포츠,워싱,미니멀,남친룩,데이트,얼죽코,셀럽템,SELFLOVE,가을,댄디,인사일런스,모드나인,비엔베투,나이키,밈더워드로브,환절기 코트,데님 팬츠,목걸이펜던트,맨투맨스웨트셔츠,메신저크로스 백,,,,,
