,0,코디,1,2,3,4,5,6,7,8,9,10,11,12,13,14,15,16,17,18,19,20,21,22,23,24
0,20210730,캐주얼,35740,16,로고플레이,편안한,원마일웨어,와이드핏,여름,캐주얼,리,세미콜론 아이웨어,제로,반스,베지터블테이블,셔츠블라우스,반소매 티셔츠,안경,트레이닝조거 팬츠,캔버스단화,캡야구 모자,,,,,
1,20210203,스트릿,33392,19,봄,스트릿,제로,월간,라퍼지스토어,키치오브제,블론드나인,47브랜드,트레이닝조거 팬츠,액자포스터,목걸이펜던트,레더라이더스 재킷,캔버스단화,니트스웨터,캡야구 모자,,,,,,,
2,20210223,캐주얼,31101,42,봄,캐주얼,라퍼지스토어,다이아몬드 레이라,나이키,엠프렌즈,모티패스트,이에스엔,안경 소품,디퓨저캔들,반소매 티셔츠,셔츠블라우스,패션스니커즈화,케이스슬리브,캡야구 모자,레더라이더스 재킷,맨투맨스웨트셔츠,,,,,
3,20201029,스트릿,27565,4,가을,스트릿,제로,쇼브오프,라퍼지스토어,크리틱,트레이닝조거 팬츠,액자포스터,팔찌,메신저크로스 백,니트스웨터,,,,,,,,,,,
4,20210430,댄디,27235,2,봄,댄디,후러브스아트,발렌티노 루디,오니츠카타이거,예일,오버다인,슈트 팬츠슬랙스,안경 소품,쿼츠 아날로그,반려동물용품,미디스커트,반소매 티셔츠,메신저크로스 백,,,,,,,,
5,20210223,캐주얼,22318,22,봄,캐주얼,카시오,코닥,제로,와릿이즌,뉴발란스,커버낫,디지털,미니스커트,캡야구 모자,트레이닝조거 팬츠,,,,,,,,,,
6,20201224,스트릿,20408,1,겨울,스트릿,제로,디스이즈네버댓,아이더,어글리비버,일일이삼육오,트레이닝조거 팬츠,액자포스터,맨투맨스웨트셔츠,패션스니커즈화,버킷사파리햇,,,,,,,,,,
7,20210329,캐주얼,19809,2,봄,캐주얼,본챔스,제로,와릿이즌,나이키,레인스,캡야구 모자,트레이닝조거 팬츠,안경 소품,반소매 티셔츠,긴소매 티셔츠,후드 집업,패션스니커즈화,메신저크로스 백,,,,,,,
8,20201028,캐주얼,19610,7,가을,캐주얼,칼하트,라츠,이벳필드,커버낫,셔츠블라우스,데님 팬츠,캡야구 모자,,,,,,,,,,,,,
9,20210915,캐주얼,19107,편안한,원마일웨어,로고플레이,가을,캐주얼,로커드,자브라,엘에이알,타입서비스,토피,트레이닝조거 팬츠,안경 소품,이어폰,패션스니커즈화,맨투맨스웨트셔츠,후드 집업,,,,,,,
10,20210831,캐주얼,18667,14,꾸안꾸,남친룩,핀턱,캠퍼스,와이드핏,여름,캐주얼,브래디백,와일드 브릭스,라퍼지스토어,닥터마틴,메신저크로스 백,잡지무크지,팔찌,맨투맨스웨트셔츠,구두,,,,,,
11,20210302,캐주얼,18605,3,봄,캐주얼,제멋,화이트블럭,엠엠엘지,어널러코드,뉴발란스,예일,블루종MA1,케이스슬리브,반소매 티셔츠,트레이닝조거 팬츠,캡야구 모자,,,,,,,,,
12,20210504,캐주얼,18413,5,봄,캐주얼,파르티멘토,반스,벗딥,커버낫,목걸이펜던트,캔버스단화,메신저크로스 백,코튼 팬츠,반소매 티셔츠,,,,,,,,,,,
13,20211004,캐주얼,18284,11,오버핏,플리스,리버서블,편안한,원마일웨어,가을,캐주얼,프로스펙스,브렌슨,고다신,커버낫,주네시 스포츠 클럽,제멋,캔버스단화,트레이닝조거 팬츠,안경 소품,액자포스터,이어폰,플리스뽀글이,캡야구 모자,맨투맨스웨트셔츠,
14,20210915,댄디,17879,26,데이트,그래픽,레이어드룩,가을,댄디,엘무드,뮤지엄바이비컨,테이크이지,로스트가든,아르반,플랙,누깍,반소매 티셔츠,니트스웨터,안경,셔츠블라우스,부츠,블루종MA1,데님 팬츠,숄더백,,
15,20210324,댄디,17867,14,봄,댄디,모디파이드,반,락포트,수아레,슈트블레이저 재킷,기타 시계,메신저크로스 백,데님 팬츠,구두,셔츠블라우스,,,,,,,,,,
16,20210625,캐주얼,17472,1,원마일웨어,로고플레이,편안한,캠퍼스,모노톤,여름,캐주얼,제로,아디다스,엄브로,리,트레이닝조거 팬츠,액자포스터,슬리퍼,백팩,기타 컬처,캡야구 모자,반소매 티셔츠,,,,
17,20210927,캐주얼,16717,로고플레이,편안한,에코,캠퍼스,가을,캐주얼,어널러코드,지프,커버낫,리복,투엔티벅스,라퍼지스토어,트레이닝조거 팬츠,맨투맨스웨트셔츠,캡야구 모자,패션스니커즈화,에코백,사파리헌팅 재킷,,,,,
18,20211008,캐주얼,16239,9,와이드핏,체크,그래픽,지브라,편안한,원마일웨어,가을,캐주얼,제로,반스,미니멀프로젝트,엘엠씨,원헌드레드퍼센트,트레이닝조거 팬츠,캔버스단화,비니,맨투맨스웨트셔츠,,,,,
19,20211026,댄디,15869,4,레더,모노톤,데이트,슬림핏,가을,댄디,플랙,에이징씨씨씨,카시오,닉앤니콜 포 맨,로맨틱무브,드로우핏,데님 팬츠,안경 소품,액자포스터,레더라이더스 재킷,쿼츠 아날로그,토트백,부츠,니트스웨터,,
20,20201104,댄디,15690,7,데이트,가을,댄디,커스텀어클락,브아빗,커스텀에이드,와릿이즌,쿠어,삭스더랭귀지,반소매 티셔츠,니트스웨터,샌들,데님 팬츠,안경,구두,로퍼,카디건,겨울 기타 코트,양말,,,
21,20210907,댄디,15651,5,아가일,모노톤,데이트,남친룩,가을,댄디,엘에이알,니티드,후러브스아트,까르벵 워치,쌤소나이트 레드,카디건,슈트 팬츠슬랙스,쿼츠 아날로그,토트백,,,,,,,
22,20201106,캐주얼,15555,7,가을,캐주얼,컨버스,폴로 랄프 로렌,리,앤더슨벨,홀리선,캔버스단화,캡야구 모자,에코백,잡지무크지,트러커 재킷,,,,,,,,,,
23,20220429,캐주얼,15380,3,캠퍼스,로고플레이,와이드핏,컬러포인트,봄,캐주얼,카비시,수아레,널디,우알롱,케이스슬리브,반소매 티셔츠,코튼 팬츠,기타 스니커즈,캡야구 모자,,,,,,,
24,20201027,캐주얼,15269,4,가을,캐주얼,오버캐스트,유니폼브릿지,폭스바겐 와치,제로,타미진스,뉴발란스,캡야구 모자,반소매 티셔츠,디지털,미니스커트,트레이닝조거 팬츠,안경 소품,웨이스트 백,,,,,,,
25,20201104,캐주얼,14946,1,가을,캐주얼,캉골,팀버랜드,엠엠엘지,토피,로맨틱크라운,에코백,잡지무크지,블로퍼,부츠,반소매 티셔츠,데님 팬츠,안경 소품,플리스뽀글이,,,,,,,
26,20220328,댄디,14860,핀턱,테이퍼드핏,화사한,데이트,남친룩,오버핏,봄,댄디,스칼렛또블랙,라퍼지스토어,요위,쿠어,파인드카푸어,팔찌,셔츠블라우스,구두,로퍼,코튼 팬츠,메신저크로스 백,,,,
27,20211116,포멀,14599,레이어드룩,핀턱,뉴트럴톤,레더,격식,출근룩,단정한,가을,포멀,라퍼지스토어,테이크이지,로스트가든,탄틴,아르반,로만손,겨울 싱글 코트,니트스웨터,구두,브리프케이스,셔츠블라우스,슈트 팬츠슬랙스,쿼츠 아날로그,
28,20210721,캐주얼,14178,8,편안한,캠퍼스,원마일웨어,로고플레이,여름,캐주얼,엠엠엘지,제로,캉골,칼하트,나이키,캡야구 모자,트레이닝조거 팬츠,백팩,반소매 티셔츠,패션스니커즈화,,,,,,
29,20210325,캐주얼,13992,봄,캐주얼,네이키드니스,페플,반스,낫포너드,커버낫,메신저크로스 백,기타 컬처,트러커 재킷,비니,캔버스단화,트레이닝조거 팬츠,안경 소품,맨투맨스웨트셔츠,,,,,,,,
30,20211022,캐주얼,13970,1,키높이,워싱,레더,모노톤,SELFLOVE,셀럽템,가을,캐주얼,파르티멘토,컨버스,레더라이더스 재킷,숏패딩숏헤비 아우터,셔츠블라우스,캔버스단화,데님 팬츠,,,,,,,
31,20201217,댄디,13948,1,겨울,댄디,드로우핏,피스메이커,버빌리안,위더로드,브랜디드,오드닷,겨울 싱글 코트,디지털,페도라,머플러,숄더백,구두,데님 팬츠,니트스웨터,,,,,,
32,20210921,캐주얼,13868,아가일,레이어드룩,캠퍼스,남친룩,꾸안꾸,로고플레이,와이드핏,가을,캐주얼,척,토피,컨버스,카시오,엠엠엘지,키뮤어,베스트,후드 집업,데님 팬츠,캔버스단화,디지털,백팩,,
33,20220413,댄디,13829,미니멀,데이트,남친룩,오버핏,핀턱,와이드핏,봄,댄디,데몬에이드,듀파,해브해드,위트맨,라퍼지스토어,숄더백,쿼츠 아날로그,코튼 팬츠,캔버스단화,셔츠블라우스,,,,,
34,20211123,캐주얼,13784,1,캠퍼스,레더,와이드핏,꾸안꾸,오버핏,콜라보,가을,캐주얼,컨버스,매스노운,마하그리드,라퍼지스토어,플랙,토마스모어,메신저크로스 백,캡야구 모자,맨투맨스웨트셔츠,데님 팬츠,숏패딩숏헤비 아우터,,,
35,20210702,캐주얼,13689,42,톤온톤,뉴트럴톤,캠퍼스,피크닉,와이드핏,오버핏,꾸안꾸,여름,캐주얼,벗딥,엠엠엘지,캐치볼,예일,반원 아틀리에,토트백,잡지무크지,캡야구 모자,캔버스단화,반소매 티셔츠,,,
36,20211110,캐주얼,13632,편안한,원마일웨어,로고플레이,한파,가을,캐주얼,골라 클래식,예일,로마네,브라운브레스,노스페이스,오닐,후드 티셔츠,케이스슬리브,트레이닝조거 팬츠,숏패딩숏헤비 아우터,메신저크로스 백,,,,,,
37,20201207,캐주얼,13622,겨울,캐주얼,아식스,크럼프,예일,아웃스탠딩,패션스니커즈화,트레이닝조거 팬츠,캡야구 모자,숏패딩숏헤비 아우터,,,,,,,,,,,,,
38,20220328,댄디,13491,1,모노톤,데이트,레더,에코,셀럽템,오버핏,와이드핏,핀턱,봄,댄디,라퍼지스토어,레더라이더스 재킷,셔츠블라우스,구두,,,,,,,,
39,20201103,캐주얼,13289,2,가을,캐주얼,기프트오리지널,라퍼지스토어,유니폼브릿지,컨버스,그라미치,반소매 티셔츠,셔츠블라우스,숏패딩숏헤비 아우터,맨투맨스웨트셔츠,스카프반다나,,,,,,,,,,
40,20210308,포멀,13182,8,봄,포멀,모디파이드,엘무드,조셉트,로우로우,에스피오나지,슈트블레이저 재킷,기타 시계,반소매 티셔츠,니트스웨터,구두,안경,셔츠블라우스,,,,,,,,
41,20201113,캐주얼,12943,가을,캐주얼,폴로 랄프 로렌,메이킷투,나이키,이벳필드,코닥,캡야구 모자,데님 팬츠,패션스니커즈화,니트스웨터,,,,,,,,,,,,
42,20211019,캐주얼,12896,캠퍼스,꾸안꾸,남친룩,가을,캐주얼,리끌로우,반스,엄브로,세터,예일,안경,캔버스단화,메신저크로스 백,니트스웨터,숏패딩숏헤비 아우터,,,,,,,,
43,20201112,캐주얼,12891,1,그래픽,가을,캐주얼,커버낫,로얄라이프,예일,컨버스,예스아이씨,노드 아카이브,플리스뽀글이,기타 시계,버킷사파리햇,데님 팬츠,안경 소품,맨투맨스웨트셔츠,비니,후드 티셔츠,,,,,
44,20201027,캐주얼,12696,2,가을,캐주얼,제로,에스피오나지,앤더슨벨,유니폼브릿지,디스커버리 익스페디션,트레이닝조거 팬츠,액자포스터,반소매 티셔츠,셔츠블라우스,백팩,기타 컬처,사파리헌팅 재킷,,,,,,,,
45,20210716,댄디,12633,4,미니멀,남친룩,데이트,레더,여름,댄디,페이탈리즘,몬스터리퍼블릭,로스트가든,블론드나인,브렌슨,데님 팬츠,안경 소품,메신저크로스 백,안경,구두,베스트,반소매 티셔츠,,,,
46,20220825,캐주얼,12499,3,로고플레이,자수,캠퍼스,꾸안꾸,여름,캐주얼,네이키드니스,반스,사운즈라이프,신지모루,예일,백팩,캔버스단화,데님 팬츠,시계 용품,맨투맨스웨트셔츠,,,,,,
47,20201111,캐주얼,12494,1,셋업코디,가을,캐주얼,비바스튜디오,폴로 랄프 로렌,엄브로,코드그라피,삭스더랭귀지,반소매 티셔츠,맨투맨스웨트셔츠,캡야구 모자,아노락 재킷,양말,,,,,,,,,
48,20211004,포멀,12445,핀턱,와이드핏,출근룩,단정한,미니멀,레더,가을,포멀,로맨틱무브,테이크이지,미나브,드로우핏,하이드아웃,구두,니트스웨터,슈트 팬츠슬랙스,토트백,겨울 싱글 코트,,,,,
49,20210913,캐주얼,12406,1,로고플레이,스트라이프,캠퍼스,레이어드룩,벌룬핏,가을,캐주얼,브래디백,아디다스,라모랭,이벳필드,예일,노드스튜디오,라퍼지스토어,메신저크로스 백,잡지무크지,패션스니커즈화,비니,맨투맨스웨트셔츠,셔츠블라우스,데님 팬츠,사파리헌팅 재킷
50,20210604,캐주얼,12326,9,레이어드룩,남친룩,여름,캐주얼,아코스튜디오스페이스,어반스터프,뉴발란스,리,라퍼지스토어,니트스웨터,데님 팬츠,에코백,,,,,,,,,,
51,20210531,포멀,12320,2,미니멀,루즈핏,봄,포멀,후러브스아트,집시,베드포드일레븐스,로얄런던시계,로맨틱무브,슈트 팬츠슬랙스,안경 소품,셔츠블라우스,반소매 티셔츠,백팩,쿼츠 아날로그,구두,로퍼,,,,,
52,20210906,캐주얼,12287,3,레터링,오버핏,편안한,원마일웨어,가을,캐주얼,페넥,골라 클래식,브렌슨,참스,엠엘비,지갑머니클립,트레이닝조거 팬츠,긴소매 티셔츠,캡야구 모자,,,,,,,
53,20201119,캐주얼,12270,가을,캐주얼,컨버스,어반드레스,토마스모어,모드나인,펜필드,캔버스단화,반소매 티셔츠,후드 티셔츠,벨트,데님 팬츠,숏패딩숏헤비 아우터,,,,,,,,,,
54,20210104,캐주얼,12255,1,겨울,캐주얼,티엔피,나이키,블론드나인,더블유브이프로젝트,비니,플리스뽀글이,패션스니커즈화,니트스웨터,트레이닝조거 팬츠,,,,,,,,,,,
55,20210316,캐주얼,12253,1,봄,캐주얼,핍스,제로,엄브로,메신저크로스 백,기타 컬처,트레이닝조거 팬츠,,,,,,,,,,,,,,
56,20211104,캐주얼,12197,핀턱,와이드핏,플리스,리버서블,레터링,편안한,원마일웨어,가을,캐주얼,저스트크래프트,제로,커버낫,티떠블유엔,카비시,리끌로우,패션스니커즈화,트레이닝조거 팬츠,플리스뽀글이,맨투맨스웨트셔츠,비니,머플러,,
57,20210309,캐주얼,12152,봄,캐주얼,파르티멘토,쏘로굿,엘리오티,커버낫,플랙,트러커 재킷,기타 모자,부츠,헌팅캡베레모,기타 컬처,데님 팬츠,,,,,,,,,,
58,20201102,캐주얼,11678,컬러포인트,가을,캐주얼,겐지,무신사 스탠다드,플레어업,컨버스,에스에스와이,파르티멘토,안경,슈트 팬츠슬랙스,안경 소품,디퓨저캔들,베스트,캔버스단화,셔츠블라우스,플리스뽀글이,,,,,,
59,20201030,캐주얼,11548,1,가을,캐주얼,캉골,제로,브렌슨,엠엘비,에코백,잡지무크지,반소매 티셔츠,트레이닝조거 팬츠,안경 소품,액자포스터,캡야구 모자,캔버스단화,,,,,,,,
60,20210730,캐주얼,35740,16,로고플레이,편안한,원마일웨어,와이드핏,여름,캐주얼,리,세미콜론 아이웨어,제로,반스,베지터블테이블,셔츠블라우스,반소매 티셔츠,안경,트레이닝조거 팬츠,캔버스단화,캡야구 모자,,,,,
61,20210203,캐주얼,33392,19,봄,스트릿,제로,월간,라퍼지스토어,키치오브제,블론드나인,47브랜드,트레이닝조거 팬츠,액자포스터,목걸이펜던트,레더라이더스 재킷,캔버스단화,니트스웨터,캡야구 모자,,,,,,,
62,20210223,포멀,31101,42,봄,캐주얼,라퍼지스토어,다이아몬드 레이라,나이키,엠프렌즈,모티패스트,이에스엔,안경 소품,디퓨저캔들,반소매 티셔츠,셔츠블라우스,패션스니커즈화,케이스슬리브,캡야구 모자,레더라이더스 재킷,맨투맨스웨트셔츠,,,,,
63,20201029,스포츠,27565,4,가을,스트릿,제로,쇼브오프,라퍼지스토어,크리틱,트레이닝조거 팬츠,액자포스터,팔찌,메신저크로스 백,니트스웨터,,,,,,,,,,,
64,20210430,댄디,27235,2,봄,댄디,후러브스아트,발렌티노 루디,오니츠카타이거,예일,오버다인,슈트 팬츠슬랙스,안경 소품,쿼츠 아날로그,반려동물용품,미디스커트,반소매 티셔츠,메신저크로스 백,,,,,,,,
65,20210223,캐주얼,22318,22,봄,캐주얼,카시오,코닥,제로,와릿이즌,뉴발란스,커버낫,디지털,미니스커트,캡야구 모자,트레이닝조거 팬츠,,,,,,,,,,
66,20201224,캐주얼,20408,1,겨울,스트릿,제로,디스이즈네버댓,아이더,어글리비버,일일이삼육오,트레이닝조거 팬츠,액자포스터,맨투맨스웨트셔츠,패션스니커즈화,버킷사파리햇,,,,,,,,,,
67,20210329,캐주얼,19809,2,봄,캐주얼,본챔스,제로,와릿이즌,나이키,레인스,캡야구 모자,트레이닝조거 팬츠,안경 소품,반소매 티셔츠,긴소매 티셔츠,후드 집업,패션스니커즈화,메신저크로스 백,,,,,,,
68,20201028,캐주얼,19610,7,가을,캐주얼,칼하트,라츠,이벳필드,커버낫,셔츠블라우스,데님 팬츠,캡야구 모자,,,,,,,,,,,,,
69,20210915,캐주얼,19107,편안한,원마일웨어,로고플레이,가을,캐주얼,로커드,자브라,엘에이알,타입서비스,토피,트레이닝조거 팬츠,안경 소품,이어폰,패션스니커즈화,맨투맨스웨트셔츠,후드 집업,,,,,,,
70,20210831,아메리칸 캐주얼,18667,14,꾸안꾸,남친룩,핀턱,캠퍼스,와이드핏,여름,캐주얼,브래디백,와일드 브릭스,라퍼지스토어,닥터마틴,메신저크로스 백,잡지무크지,팔찌,맨투맨스웨트셔츠,구두,,,,,,
71,20210302,댄디,18605,3,봄,캐주얼,제멋,화이트블럭,엠엠엘지,어널러코드,뉴발란스,예일,블루종MA1,케이스슬리브,반소매 티셔츠,트레이닝조거 팬츠,캡야구 모자,,,,,,,,,
72,20210504,포멀,18413,5,봄,캐주얼,파르티멘토,반스,벗딥,커버낫,목걸이펜던트,캔버스단화,메신저크로스 백,코튼 팬츠,반소매 티셔츠,,,,,,,,,,,
73,20211004,댄디,18284,11,오버핏,플리스,리버서블,편안한,원마일웨어,가을,캐주얼,프로스펙스,브렌슨,고다신,커버낫,주네시 스포츠 클럽,제멋,캔버스단화,트레이닝조거 팬츠,안경 소품,액자포스터,이어폰,플리스뽀글이,캡야구 모자,맨투맨스웨트셔츠,
74,20210915,포멀,17879,26,데이트,그래픽,레이어드룩,가을,댄디,엘무드,뮤지엄바이비컨,테이크이지,로스트가든,아르반,플랙,누깍,반소매 티셔츠,니트스웨터,안경,셔츠블라우스,부츠,블루종MA1,데님 팬츠,숄더백,,
75,20210324,캐주얼,17867,14,봄,댄디,모디파이드,반,락포트,수아레,슈트블레이저 재킷,기타 시계,메신저크로스 백,데님 팬츠,구두,셔츠블라우스,,,,,,,,,,
76,20210625,캐주얼,17472,1,원마일웨어,로고플레이,편안한,캠퍼스,모노톤,여름,캐주얼,제로,아디다스,엄브로,리,트레이닝조거 팬츠,액자포스터,슬리퍼,백팩,기타 컬처,캡야구 모자,반소매 티셔츠,,,,
77,20210927,캐주얼,16717,로고플레이,편안한,에코,캠퍼스,가을,캐주얼,어널러코드,지프,커버낫,리복,투엔티벅스,라퍼지스토어,트레이닝조거 팬츠,맨투맨스웨트셔츠,캡야구 모자,패션스니커즈화,에코백,사파리헌팅 재킷,,,,,
78,20211008,캐주얼,16239,9,와이드핏,체크,그래픽,지브라,편안한,원마일웨어,가을,캐주얼,제로,반스,미니멀프로젝트,엘엠씨,원헌드레드퍼센트,트레이닝조거 팬츠,캔버스단화,비니,맨투맨스웨트셔츠,,,,,
79,20211026,댄디,15869,4,레더,모노톤,데이트,슬림핏,가을,댄디,플랙,에이징씨씨씨,카시오,닉앤니콜 포 맨,로맨틱무브,드로우핏,데님 팬츠,안경 소품,액자포스터,레더라이더스 재킷,쿼츠 아날로그,토트백,부츠,니트스웨터,,
80,20201104,캐주얼,15690,7,데이트,가을,댄디,커스텀어클락,브아빗,커스텀에이드,와릿이즌,쿠어,삭스더랭귀지,반소매 티셔츠,니트스웨터,샌들,데님 팬츠,안경,구두,로퍼,카디건,겨울 기타 코트,양말,,,
81,20210907,캐주얼,15651,5,아가일,모노톤,데이트,남친룩,가을,댄디,엘에이알,니티드,후러브스아트,까르벵 워치,쌤소나이트 레드,카디건,슈트 팬츠슬랙스,쿼츠 아날로그,토트백,,,,,,,
82,20201106,스트릿,15555,7,가을,캐주얼,컨버스,폴로 랄프 로렌,리,앤더슨벨,홀리선,캔버스단화,캡야구 모자,에코백,잡지무크지,트러커 재킷,,,,,,,,,,
83,20220429,캐주얼,15380,3,캠퍼스,로고플레이,와이드핏,컬러포인트,봄,캐주얼,카비시,수아레,널디,우알롱,케이스슬리브,반소매 티셔츠,코튼 팬츠,기타 스니커즈,캡야구 모자,,,,,,,
84,20201027,캐주얼,15269,4,가을,캐주얼,오버캐스트,유니폼브릿지,폭스바겐 와치,제로,타미진스,뉴발란스,캡야구 모자,반소매 티셔츠,디지털,미니스커트,트레이닝조거 팬츠,안경 소품,웨이스트 백,,,,,,,
85,20201104,캐주얼,14946,1,가을,캐주얼,캉골,팀버랜드,엠엠엘지,토피,로맨틱크라운,에코백,잡지무크지,블로퍼,부츠,반소매 티셔츠,데님 팬츠,안경 소품,플리스뽀글이,,,,,,,
86,20220328,캐주얼,14861,핀턱,테이퍼드핏,화사한,데이트,남친룩,오버핏,봄,댄디,스칼렛또블랙,라퍼지스토어,요위,쿠어,파인드카푸어,팔찌,셔츠블라우스,구두,로퍼,코튼 팬츠,메신저크로스 백,,,,
87,20211116,포멀,14600,레이어드룩,핀턱,뉴트럴톤,레더,격식,출근룩,단정한,가을,포멀,라퍼지스토어,테이크이지,로스트가든,탄틴,아르반,로만손,겨울 싱글 코트,니트스웨터,구두,브리프케이스,셔츠블라우스,슈트 팬츠슬랙스,쿼츠 아날로그,
88,20210721,캐주얼,14179,8,편안한,캠퍼스,원마일웨어,로고플레이,여름,캐주얼,엠엠엘지,제로,캉골,칼하트,나이키,캡야구 모자,트레이닝조거 팬츠,백팩,반소매 티셔츠,패션스니커즈화,,,,,,
89,20210325,캐주얼,13993,봄,캐주얼,네이키드니스,페플,반스,낫포너드,커버낫,메신저크로스 백,기타 컬처,트러커 재킷,비니,캔버스단화,트레이닝조거 팬츠,안경 소품,맨투맨스웨트셔츠,,,,,,,,
90,20211022,댄디,13971,1,키높이,워싱,레더,모노톤,SELFLOVE,셀럽템,가을,캐주얼,파르티멘토,컨버스,레더라이더스 재킷,숏패딩숏헤비 아우터,셔츠블라우스,캔버스단화,데님 팬츠,,,,,,,
91,20201217,캐주얼,13949,1,겨울,댄디,드로우핏,피스메이커,버빌리안,위더로드,브랜디드,오드닷,겨울 싱글 코트,디지털,페도라,머플러,숄더백,구두,데님 팬츠,니트스웨터,,,,,,
92,20210921,캐주얼,13869,아가일,레이어드룩,캠퍼스,남친룩,꾸안꾸,로고플레이,와이드핏,가을,캐주얼,척,토피,컨버스,카시오,엠엠엘지,키뮤어,베스트,후드 집업,데님 팬츠,캔버스단화,디지털,백팩,,
93,20220413,댄디,13830,미니멀,데이트,남친룩,오버핏,핀턱,와이드핏,봄,댄디,데몬에이드,듀파,해브해드,위트맨,라퍼지스토어,숄더백,쿼츠 아날로그,코튼 팬츠,캔버스단화,셔츠블라우스,,,,,
94,20211123,캐주얼,13785,1,캠퍼스,레더,와이드핏,꾸안꾸,오버핏,콜라보,가을,캐주얼,컨버스,매스노운,마하그리드,라퍼지스토어,플랙,토마스모어,메신저크로스 백,캡야구 모자,맨투맨스웨트셔츠,데님 팬츠,숏패딩숏헤비 아우터,,,
95,20210702,댄디,13690,42,톤온톤,뉴트럴톤,캠퍼스,피크닉,와이드핏,오버핏,꾸안꾸,여름,캐주얼,벗딥,엠엠엘지,캐치볼,예일,반원 아틀리에,토트백,잡지무크지,캡야구 모자,캔버스단화,반소매 티셔츠,,,
96,20211110,댄디,13633,편안한,원마일웨어,로고플레이,한파,가을,캐주얼,골라 클래식,예일,로마네,브라운브레스,노스페이스,오닐,후드 티셔츠,케이스슬리브,트레이닝조거 팬츠,숏패딩숏헤비 아우터,메신저크로스 백,,,,,,
97,20201207,댄디,13623,겨울,캐주얼,아식스,크럼프,예일,아웃스탠딩,패션스니커즈화,트레이닝조거 팬츠,캡야구 모자,숏패딩숏헤비 아우터,,,,,,,,,,,,,
98,20220328,캐주얼,13492,1,모노톤,데이트,레더,에코,셀럽템,오버핏,와이드핏,핀턱,봄,댄디,라퍼지스토어,레더라이더스 재킷,셔츠블라우스,구두,,,,,,,,
99,20201103,댄디,13290,2,가을,캐주얼,기프트오리지널,라퍼지스토어,유니폼브릿지,컨버스,그라미치,반소매 티셔츠,셔츠블라우스,숏패딩숏헤비 아우터,맨투맨스웨트셔츠,스카프반다나,,,,,,,,,,
